id,identifier,generation_id,evolves_from_species_id,evolution_chain_id,color_id,shape_id,habitat_id,gender_rate,capture_rate,base_happiness,is_baby,hatch_counter,has_gender_differences,growth_rate_id,forms_switchable,is_legendary,is_mythical,order,conquest_order
1,bulbasaur,1,0,1,5,8,3,1,45,50,0,20,0,4,0,0,0,1,0
2,ivysaur,1,1,1,5,8,3,1,45,50,0,20,0,4,0,0,0,2,0
3,venusaur,1,2,1,5,8,3,1,45,50,0,20,1,4,1,0,0,3,0
4,charmander,1,0,2,8,6,4,1,45,50,0,20,0,4,0,0,0,4,109
5,charmeleon,1,4,2,8,6,4,1,45,50,0,20,0,4,0,0,0,5,110
6,charizard,1,5,2,8,6,4,1,45,50,0,20,0,4,1,0,0,6,111
7,squirtle,1,0,3,2,6,9,1,45,50,0,20,0,4,0,0,0,7,0
8,wartortle,1,7,3,2,6,9,1,45,50,0,20,0,4,0,0,0,8,0
9,blastoise,1,8,3,2,6,9,1,45,50,0,20,0,4,1,0,0,9,0
10,caterpie,1,0,4,5,14,2,4,255,50,0,15,0,2,0,0,0,10,0
11,metapod,1,10,4,5,2,2,4,120,50,0,15,0,2,0,0,0,11,0
12,butterfree,1,11,4,9,13,2,4,45,50,0,15,1,2,0,0,0,12,0
13,weedle,1,0,5,3,14,2,4,255,70,0,15,0,2,0,0,0,13,0
14,kakuna,1,13,5,10,2,2,4,120,70,0,15,0,2,0,0,0,14,0
15,beedrill,1,14,5,10,13,2,4,45,70,0,15,0,2,1,0,0,15,177
16,pidgey,1,0,6,3,9,2,4,255,70,0,15,0,4,0,0,0,16,0
17,pidgeotto,1,16,6,3,9,2,4,120,70,0,15,0,4,0,0,0,17,0
18,pidgeot,1,17,6,3,9,2,4,45,70,0,15,0,4,1,0,0,18,0
19,rattata,1,0,7,7,8,3,4,255,70,0,15,1,2,0,0,0,19,0
20,raticate,1,19,7,3,8,3,4,127,70,0,15,1,2,0,0,0,20,0
21,spearow,1,0,8,3,9,6,4,255,70,0,15,0,2,0,0,0,21,0
22,fearow,1,21,8,3,9,6,4,90,70,0,15,0,2,0,0,0,22,0
23,ekans,1,0,9,7,2,3,4,255,70,0,20,0,2,0,0,0,23,54
24,arbok,1,23,9,7,2,3,4,90,70,0,20,0,2,0,0,0,24,55
25,pikachu,1,172,10,10,8,2,4,190,50,0,10,1,2,0,0,0,26,16
26,raichu,1,25,10,10,6,2,4,75,50,0,10,1,2,0,0,0,27,17
27,sandshrew,1,0,11,10,6,6,4,255,50,0,20,0,2,0,0,0,28,0
28,sandslash,1,27,11,10,6,6,4,90,50,0,20,0,2,0,0,0,29,0
29,nidoran-f,1,0,12,2,8,3,8,235,50,0,20,0,4,0,0,0,30,0
30,nidorina,1,29,12,2,8,3,8,120,50,0,20,0,4,0,0,0,31,0
31,nidoqueen,1,30,12,2,6,3,8,45,50,0,20,0,4,0,0,0,32,0
32,nidoran-m,1,0,13,7,8,3,0,235,50,0,20,0,4,0,0,0,33,0
33,nidorino,1,32,13,7,8,3,0,120,50,0,20,0,4,0,0,0,34,0
34,nidoking,1,33,13,7,6,3,0,45,50,0,20,0,4,0,0,0,35,0
35,clefairy,1,173,14,6,6,4,6,150,140,0,10,0,3,0,0,0,37,0
36,clefable,1,35,14,6,6,4,6,25,140,0,10,0,3,0,0,0,38,0
37,vulpix,1,0,15,3,8,3,6,190,50,0,20,0,2,0,0,0,39,0
38,ninetales,1,37,15,10,8,3,6,75,50,0,20,0,2,0,0,0,40,0
39,jigglypuff,1,174,16,6,12,3,6,170,50,0,10,0,3,0,0,0,42,21
40,wigglytuff,1,39,16,6,12,3,6,50,50,0,10,0,3,0,0,0,43,22
41,zubat,1,0,17,7,9,1,4,255,50,0,15,1,2,0,0,0,44,23
42,golbat,1,41,17,7,9,1,4,90,50,0,15,1,2,0,0,0,45,24
43,oddish,1,0,18,2,7,3,4,255,50,0,20,0,4,0,0,0,47,0
44,gloom,1,43,18,2,12,3,4,120,50,0,20,1,4,0,0,0,48,0
45,vileplume,1,44,18,8,12,3,4,45,50,0,20,1,4,0,0,0,49,0
46,paras,1,0,19,8,14,2,4,190,70,0,20,0,2,0,0,0,51,0
47,parasect,1,46,19,8,14,2,4,75,70,0,20,0,2,0,0,0,52,0
48,venonat,1,0,20,7,12,2,4,190,70,0,20,0,2,0,0,0,53,0
49,venomoth,1,48,20,7,13,2,4,75,70,0,20,0,2,0,0,0,54,0
50,diglett,1,0,21,3,5,1,4,255,50,0,20,0,2,0,0,0,55,0
51,dugtrio,1,50,21,3,11,1,4,50,50,0,20,0,2,0,0,0,56,0
52,meowth,1,0,22,10,8,8,4,255,50,0,20,0,2,0,0,0,57,58
53,persian,1,52,22,10,8,8,4,90,50,0,20,0,2,0,0,0,58,59
54,psyduck,1,0,23,10,6,9,4,190,50,0,20,0,2,0,0,0,59,0
55,golduck,1,54,23,2,6,9,4,75,50,0,20,0,2,0,0,0,60,0
56,mankey,1,0,24,3,6,4,4,190,70,0,20,0,2,0,0,0,61,0
57,primeape,1,56,24,3,6,4,4,75,70,0,20,0,2,0,0,0,62,0
58,growlithe,1,0,25,3,8,3,2,190,50,0,20,0,1,0,0,0,63,0
59,arcanine,1,58,25,3,8,3,2,75,50,0,20,0,1,0,0,0,64,0
60,poliwag,1,0,26,2,7,9,4,255,50,0,20,0,4,0,0,0,65,0
61,poliwhirl,1,60,26,2,12,9,4,120,50,0,20,0,4,0,0,0,66,0
62,poliwrath,1,61,26,2,12,9,4,45,50,0,20,0,4,0,0,0,67,0
63,abra,1,0,27,3,6,8,2,200,50,0,20,0,4,0,0,0,69,127
64,kadabra,1,63,27,3,6,8,2,100,50,0,20,1,4,0,0,0,70,128
65,alakazam,1,64,27,3,12,8,2,50,50,0,20,1,4,1,0,0,71,129
66,machop,1,0,28,4,6,4,2,180,50,0,20,0,4,0,0,0,72,98
67,machoke,1,66,28,4,12,4,2,90,50,0,20,0,4,0,0,0,73,99
68,machamp,1,67,28,4,12,4,2,45,50,0,20,0,4,0,0,0,74,100
69,bellsprout,1,0,29,5,12,2,4,255,70,0,20,0,4,0,0,0,75,0
70,weepinbell,1,69,29,5,5,2,4,120,70,0,20,0,4,0,0,0,76,0
71,victreebel,1,70,29,5,5,2,4,45,70,0,20,0,4,0,0,0,77,0
72,tentacool,1,0,30,2,10,7,4,190,50,0,20,0,1,0,0,0,78,0
73,tentacruel,1,72,30,2,10,7,4,60,50,0,20,0,1,0,0,0,79,0
74,geodude,1,0,31,3,4,4,4,255,70,0,15,0,4,0,0,0,80,0
75,graveler,1,74,31,3,12,4,4,120,70,0,15,0,4,0,0,0,81,0
76,golem,1,75,31,3,12,4,4,45,70,0,15,0,4,0,0,0,82,0
77,ponyta,1,0,32,10,8,3,4,190,50,0,20,0,2,0,0,0,83,0
78,rapidash,1,77,32,10,8,3,4,60,50,0,20,0,2,0,0,0,84,0
79,slowpoke,1,0,33,6,8,9,4,190,50,0,20,0,2,0,0,0,85,0
80,slowbro,1,79,33,6,6,9,4,75,50,0,20,0,2,1,0,0,86,0
81,magnemite,1,0,34,4,4,6,-1,190,50,0,20,0,2,0,0,0,88,0
82,magneton,1,81,34,4,11,6,-1,60,50,0,20,0,2,0,0,0,89,0
83,farfetchd,1,0,35,3,9,3,4,45,50,0,20,0,2,0,0,0,91,0
84,doduo,1,0,36,3,7,3,4,190,70,0,20,1,2,0,0,0,92,0
85,dodrio,1,84,36,3,7,3,4,45,70,0,20,1,2,0,0,0,93,0
86,seel,1,0,37,9,3,7,4,190,70,0,20,0,2,0,0,0,94,0
87,dewgong,1,86,37,9,3,7,4,75,70,0,20,0,2,0,0,0,95,0
88,grimer,1,0,38,7,4,8,4,190,70,0,20,0,2,0,0,0,96,0
89,muk,1,88,38,7,4,8,4,75,70,0,20,0,2,0,0,0,97,0
90,shellder,1,0,39,7,1,7,4,190,50,0,20,0,1,0,0,0,98,0
91,cloyster,1,90,39,7,1,7,4,60,50,0,20,0,1,0,0,0,99,0
92,gastly,1,0,40,7,1,1,4,190,50,0,20,0,4,0,0,0,100,112
93,haunter,1,92,40,7,4,1,4,90,50,0,20,0,4,0,0,0,101,113
94,gengar,1,93,40,7,6,1,4,45,50,0,20,0,4,1,0,0,102,114
95,onix,1,0,41,4,2,1,4,45,50,0,25,0,2,0,0,0,103,175
96,drowzee,1,0,42,10,12,3,4,190,70,0,20,0,2,0,0,0,105,0
97,hypno,1,96,42,10,12,3,4,75,70,0,20,1,2,0,0,0,106,0
98,krabby,1,0,43,8,14,9,4,225,50,0,20,0,2,0,0,0,107,0
99,kingler,1,98,43,8,14,9,4,60,50,0,20,0,2,0,0,0,108,0
100,voltorb,1,0,44,8,1,8,-1,190,70,0,20,0,2,0,0,0,109,0
101,electrode,1,100,44,8,1,8,-1,60,70,0,20,0,2,0,0,0,110,0
102,exeggcute,1,0,45,6,11,2,4,90,50,0,20,0,1,0,0,0,111,0
103,exeggutor,1,102,45,10,7,2,4,45,50,0,20,0,1,0,0,0,112,0
104,cubone,1,0,46,3,6,4,4,190,50,0,20,0,2,0,0,0,113,0
105,marowak,1,104,46,3,6,4,4,75,50,0,20,0,2,0,0,0,114,0
106,hitmonlee,1,236,47,3,12,8,0,45,50,0,25,0,2,0,0,0,116,0
107,hitmonchan,1,236,47,3,12,8,0,45,50,0,25,0,2,0,0,0,117,0
108,lickitung,1,0,48,6,6,3,4,45,50,0,20,0,2,0,0,0,119,0
109,koffing,1,0,49,7,1,8,4,190,50,0,20,0,2,0,0,0,121,0
110,weezing,1,109,49,7,11,8,4,60,50,0,20,0,2,0,0,0,122,0
111,rhyhorn,1,0,50,4,8,6,4,120,50,0,20,1,1,0,0,0,123,160
112,rhydon,1,111,50,4,6,6,4,60,50,0,20,1,1,0,0,0,124,161
113,chansey,1,440,51,6,6,8,8,30,140,0,40,0,3,0,0,0,127,0
114,tangela,1,0,52,2,7,3,4,45,50,0,20,0,2,0,0,0,129,0
115,kangaskhan,1,0,53,3,6,3,8,45,50,0,20,0,2,1,0,0,131,0
116,horsea,1,0,54,2,5,7,4,225,50,0,20,0,2,0,0,0,132,0
117,seadra,1,116,54,2,5,7,4,75,50,0,20,0,2,0,0,0,133,0
118,goldeen,1,0,55,8,3,9,4,225,50,0,20,1,2,0,0,0,135,0
119,seaking,1,118,55,8,3,9,4,60,50,0,20,1,2,0,0,0,136,0
120,staryu,1,0,56,3,5,7,-1,225,50,0,20,0,1,0,0,0,137,0
121,starmie,1,120,56,7,5,7,-1,60,50,0,20,0,1,0,0,0,138,0
122,mr-mime,1,439,57,6,12,8,4,45,50,0,25,0,2,0,0,0,140,0
123,scyther,1,0,58,5,13,3,4,45,50,0,25,1,2,0,0,0,141,188
124,jynx,1,238,59,8,12,8,8,45,50,0,25,0,2,0,0,0,144,0
125,electabuzz,1,239,60,10,6,3,2,45,50,0,25,0,2,0,0,0,146,0
126,magmar,1,240,61,8,6,4,2,45,50,0,25,0,2,0,0,0,149,0
127,pinsir,1,0,62,3,12,2,4,45,50,0,25,0,1,1,0,0,151,0
128,tauros,1,0,63,3,8,3,0,45,50,0,20,0,1,0,0,0,152,0
129,magikarp,1,0,64,8,3,9,4,255,50,0,5,1,1,0,0,0,153,13
130,gyarados,1,129,64,2,2,9,4,45,50,0,5,1,1,1,0,0,154,14
131,lapras,1,0,65,2,3,7,4,45,50,0,40,0,1,0,0,0,155,190
132,ditto,1,0,66,7,1,8,-1,35,50,0,20,0,2,0,0,0,156,0
133,eevee,1,0,67,3,8,8,1,45,50,0,35,0,2,0,0,0,157,1
134,vaporeon,1,133,67,2,8,8,1,45,50,0,35,0,2,0,0,0,158,2
135,jolteon,1,133,67,10,8,8,1,45,50,0,35,0,2,0,0,0,159,3
136,flareon,1,133,67,8,8,8,1,45,50,0,35,0,2,0,0,0,160,4
137,porygon,1,0,68,6,7,8,-1,45,50,0,20,0,2,0,0,0,166,0
138,omanyte,1,0,69,2,10,7,1,45,50,0,30,0,2,0,0,0,169,0
139,omastar,1,138,69,2,10,7,1,45,50,0,30,0,2,0,0,0,170,0
140,kabuto,1,0,70,3,14,7,1,45,50,0,30,0,2,0,0,0,171,0
141,kabutops,1,140,70,3,6,7,1,45,50,0,30,0,2,0,0,0,172,0
142,aerodactyl,1,0,71,7,9,4,1,45,50,0,35,0,1,1,0,0,173,0
143,snorlax,1,446,72,1,12,4,1,25,50,0,40,0,1,0,0,0,175,179
144,articuno,1,0,73,2,9,5,-1,3,35,0,80,0,1,0,1,0,176,192
145,zapdos,1,0,74,10,9,5,-1,3,35,0,80,0,1,0,1,0,177,0
146,moltres,1,0,75,10,9,5,-1,3,35,0,80,0,1,0,1,0,178,0
147,dratini,1,0,76,2,2,9,4,45,35,0,40,0,1,0,0,0,179,76
148,dragonair,1,147,76,2,2,9,4,45,35,0,40,0,1,0,0,0,180,77
149,dragonite,1,148,76,3,6,9,4,45,35,0,40,0,1,0,0,0,181,78
150,mewtwo,1,0,77,7,6,5,-1,3,0,0,120,0,1,1,1,0,182,196
151,mew,1,0,78,6,6,5,-1,45,100,0,120,0,4,0,0,1,183,0
152,chikorita,2,0,79,5,8,3,1,45,70,0,20,0,4,0,0,0,184,0
153,bayleef,2,152,79,5,8,3,1,45,70,0,20,0,4,0,0,0,185,0
154,meganium,2,153,79,5,8,3,1,45,70,0,20,1,4,0,0,0,186,0
155,cyndaquil,2,0,80,10,12,3,1,45,70,0,20,0,4,0,0,0,187,0
156,quilava,2,155,80,10,8,3,1,45,70,0,20,0,4,0,0,0,188,0
157,typhlosion,2,156,80,10,8,3,1,45,70,0,20,0,4,0,0,0,189,0
158,totodile,2,0,81,2,6,9,1,45,70,0,20,0,4,0,0,0,190,0
159,croconaw,2,158,81,2,6,9,1,45,70,0,20,0,4,0,0,0,191,0
160,feraligatr,2,159,81,2,6,9,1,45,70,0,20,0,4,0,0,0,192,0
161,sentret,2,0,82,3,8,3,4,255,70,0,15,0,2,0,0,0,193,0
162,furret,2,161,82,3,8,3,4,90,70,0,15,0,2,0,0,0,194,0
163,hoothoot,2,0,83,3,9,2,4,255,50,0,15,0,2,0,0,0,195,0
164,noctowl,2,163,83,3,9,2,4,90,50,0,15,0,2,0,0,0,196,0
165,ledyba,2,0,84,8,9,2,4,255,70,0,15,1,3,0,0,0,197,0
166,ledian,2,165,84,8,9,2,4,90,70,0,15,1,3,0,0,0,198,0
167,spinarak,2,0,85,5,14,2,4,255,70,0,15,0,3,0,0,0,199,0
168,ariados,2,167,85,8,14,2,4,90,70,0,15,0,3,0,0,0,200,0
169,crobat,2,42,17,7,13,1,4,90,50,0,15,0,2,0,0,0,46,25
170,chinchou,2,0,86,2,3,7,4,190,50,0,20,0,1,0,0,0,201,0
171,lanturn,2,170,86,2,3,7,4,75,50,0,20,0,1,0,0,0,202,0
172,pichu,2,0,10,10,8,2,4,190,50,1,10,0,2,0,0,0,25,15
173,cleffa,2,0,14,6,6,4,6,150,140,1,10,0,3,0,0,0,36,0
174,igglybuff,2,0,16,6,12,3,6,170,50,1,10,0,3,0,0,0,41,20
175,togepi,2,0,87,9,12,2,1,190,50,1,10,0,3,0,0,0,203,0
176,togetic,2,175,87,9,12,2,1,75,50,0,10,0,3,0,0,0,204,0
177,natu,2,0,88,5,9,2,4,190,50,0,20,0,2,0,0,0,206,0
178,xatu,2,177,88,5,9,2,4,75,50,0,20,1,2,0,0,0,207,0
179,mareep,2,0,89,9,8,3,4,235,70,0,20,0,4,0,0,0,208,45
180,flaaffy,2,179,89,6,6,3,4,120,70,0,20,0,4,0,0,0,209,46
181,ampharos,2,180,89,10,6,3,4,45,70,0,20,0,4,1,0,0,210,47
182,bellossom,2,44,18,5,12,3,4,45,50,0,20,0,4,0,0,0,50,0
183,marill,2,298,90,2,6,9,4,190,50,0,10,0,3,0,0,0,212,0
184,azumarill,2,183,90,2,6,9,4,75,50,0,10,0,3,0,0,0,213,0
185,sudowoodo,2,438,91,3,12,2,4,65,50,0,20,1,2,0,0,0,215,0
186,politoed,2,61,26,5,12,9,4,45,50,0,20,1,4,0,0,0,68,0
187,hoppip,2,0,92,6,6,3,4,255,70,0,20,0,4,0,0,0,216,0
188,skiploom,2,187,92,5,6,3,4,120,70,0,20,0,4,0,0,0,217,0
189,jumpluff,2,188,92,2,6,3,4,45,70,0,20,0,4,0,0,0,218,0
190,aipom,2,0,93,7,6,2,4,45,70,0,20,1,3,0,0,0,219,0
191,sunkern,2,0,94,10,1,3,4,235,70,0,20,0,4,0,0,0,221,0
192,sunflora,2,191,94,10,12,3,4,120,70,0,20,0,4,0,0,0,222,0
193,yanma,2,0,95,8,13,2,4,75,70,0,20,0,2,0,0,0,223,0
194,wooper,2,0,96,2,7,9,4,255,50,0,20,1,2,0,0,0,225,18
195,quagsire,2,194,96,2,6,9,4,90,50,0,20,1,2,0,0,0,226,19
196,espeon,2,133,67,7,8,8,1,45,50,0,35,0,2,0,0,0,161,5
197,umbreon,2,133,67,1,8,8,1,45,35,0,35,0,2,0,0,0,162,6
198,murkrow,2,0,97,1,9,2,4,30,35,0,20,1,4,0,0,0,227,0
199,slowking,2,79,33,6,6,9,4,70,50,0,20,0,2,0,0,0,87,0
200,misdreavus,2,0,98,4,1,1,4,45,35,0,25,0,3,0,0,0,229,183
201,unown,2,0,99,1,1,5,-1,225,70,0,40,0,2,0,0,0,231,0
202,wobbuffet,2,360,100,2,5,1,4,45,50,0,20,1,2,0,0,0,233,0
203,girafarig,2,0,101,10,8,3,4,60,70,0,20,1,2,0,0,0,234,0
204,pineco,2,0,102,4,1,2,4,190,70,0,20,0,2,0,0,0,235,56
205,forretress,2,204,102,7,1,2,4,75,70,0,20,0,2,0,0,0,236,57
206,dunsparce,2,0,103,10,2,1,4,190,50,0,20,0,2,0,0,0,237,0
207,gligar,2,0,104,7,9,4,4,60,70,0,20,1,4,0,0,0,238,0
208,steelix,2,95,41,4,2,1,4,25,50,0,25,1,2,1,0,0,104,176
209,snubbull,2,0,105,6,12,8,6,190,70,0,20,0,3,0,0,0,240,0
210,granbull,2,209,105,7,6,8,6,75,70,0,20,0,3,0,0,0,241,0
211,qwilfish,2,0,106,4,3,7,4,45,50,0,20,0,2,0,0,0,242,0
212,scizor,2,123,58,8,13,3,4,25,50,0,25,1,2,1,0,0,142,189
213,shuckle,2,0,107,10,14,4,4,190,50,0,20,0,4,0,0,0,243,0
214,heracross,2,0,108,2,12,2,4,45,50,0,25,1,1,1,0,0,244,0
215,sneasel,2,0,109,1,6,2,4,60,35,0,20,1,4,0,0,0,245,181
216,teddiursa,2,0,110,3,6,4,4,120,70,0,20,0,2,0,0,0,247,0
217,ursaring,2,216,110,3,6,4,4,60,70,0,20,1,2,0,0,0,248,0
218,slugma,2,0,111,8,2,4,4,190,70,0,20,0,2,0,0,0,249,0
219,magcargo,2,218,111,8,2,4,4,75,70,0,20,0,2,0,0,0,250,0
220,swinub,2,0,112,3,8,1,4,225,50,0,20,0,1,0,0,0,251,0
221,piloswine,2,220,112,3,8,1,4,75,50,0,20,1,1,0,0,0,252,0
222,corsola,2,0,113,6,14,7,6,60,50,0,20,0,3,0,0,0,254,0
223,remoraid,2,0,114,4,3,7,4,190,50,0,20,0,2,0,0,0,255,0
224,octillery,2,223,114,8,10,7,4,75,50,0,20,1,2,0,0,0,256,0
225,delibird,2,0,115,8,9,4,4,45,50,0,20,0,3,0,0,0,257,0
226,mantine,2,458,116,7,9,7,4,25,50,0,25,0,1,0,0,0,259,0
227,skarmory,2,0,117,4,9,6,4,25,50,0,25,0,1,0,0,0,260,0
228,houndour,2,0,118,1,8,6,4,120,35,0,20,0,1,0,0,0,261,0
229,houndoom,2,228,118,1,8,6,4,45,35,0,20,1,1,1,0,0,262,0
230,kingdra,2,117,54,2,5,7,4,45,50,0,20,0,2,0,0,0,134,0
231,phanpy,2,0,119,2,8,6,4,120,70,0,20,0,2,0,0,0,263,0
232,donphan,2,231,119,4,8,6,4,60,70,0,20,1,2,0,0,0,264,0
233,porygon2,2,137,68,8,7,8,-1,45,50,0,20,0,2,0,0,0,167,0
234,stantler,2,0,120,3,8,2,4,45,70,0,20,0,1,0,0,0,265,0
235,smeargle,2,0,121,9,6,8,4,45,70,0,20,0,3,0,0,0,266,0
236,tyrogue,2,0,47,7,12,8,0,75,50,1,25,0,2,0,0,0,115,0
237,hitmontop,2,236,47,3,6,8,0,45,50,0,25,0,2,0,0,0,118,0
238,smoochum,2,0,59,6,12,8,8,45,50,1,25,0,2,0,0,0,143,0
239,elekid,2,0,60,10,12,3,2,45,50,1,25,0,2,0,0,0,145,0
240,magby,2,0,61,8,6,4,2,45,50,1,25,0,2,0,0,0,148,0
241,miltank,2,0,122,6,6,3,8,45,50,0,20,0,1,0,0,0,267,0
242,blissey,2,113,51,6,12,8,8,30,140,0,40,0,3,0,0,0,128,0
243,raikou,2,0,123,10,8,3,-1,3,35,0,80,0,1,0,1,0,268,0
244,entei,2,0,124,3,8,3,-1,3,35,0,80,0,1,0,1,0,269,0
245,suicune,2,0,125,2,8,3,-1,3,35,0,80,0,1,0,1,0,270,0
246,larvitar,2,0,126,5,6,4,4,45,35,0,40,0,1,0,0,0,271,79
247,pupitar,2,246,126,4,2,4,4,45,35,0,40,0,1,0,0,0,272,80
248,tyranitar,2,247,126,5,6,4,4,45,35,0,40,0,1,1,0,0,273,81
249,lugia,2,0,127,9,9,5,-1,3,0,0,120,0,1,0,1,0,274,0
250,ho-oh,2,0,128,8,9,5,-1,3,0,0,120,0,1,0,1,0,275,0
251,celebi,2,0,129,5,12,2,-1,45,100,0,120,0,4,0,0,1,276,0
252,treecko,3,0,130,5,6,2,1,45,50,0,20,0,4,0,0,0,277,130
253,grovyle,3,252,130,5,6,2,1,45,50,0,20,0,4,0,0,0,278,131
254,sceptile,3,253,130,5,6,2,1,45,50,0,20,0,4,1,0,0,279,132
255,torchic,3,0,131,8,7,3,1,45,50,0,20,1,4,0,0,0,280,0
256,combusken,3,255,131,8,6,3,1,45,50,0,20,1,4,0,0,0,281,0
257,blaziken,3,256,131,8,6,3,1,45,50,0,20,1,4,1,0,0,282,0
258,mudkip,3,0,132,2,8,9,1,45,50,0,20,0,4,0,0,0,283,0
259,marshtomp,3,258,132,2,6,9,1,45,50,0,20,0,4,0,0,0,284,0
260,swampert,3,259,132,2,6,9,1,45,50,0,20,0,4,1,0,0,285,0
261,poochyena,3,0,133,4,8,3,4,255,70,0,15,0,2,0,0,0,286,0
262,mightyena,3,261,133,4,8,3,4,127,70,0,15,0,2,0,0,0,287,0
263,zigzagoon,3,0,134,3,8,3,4,255,50,0,15,0,2,0,0,0,288,0
264,linoone,3,263,134,9,8,3,4,90,50,0,15,0,2,0,0,0,289,0
265,wurmple,3,0,135,8,14,2,4,255,70,0,15,0,2,0,0,0,290,0
266,silcoon,3,265,135,9,1,2,4,120,70,0,15,0,2,0,0,0,291,0
267,beautifly,3,266,135,10,13,2,4,45,70,0,15,1,2,0,0,0,292,0
268,cascoon,3,265,135,7,1,2,4,120,70,0,15,0,2,0,0,0,293,0
269,dustox,3,268,135,5,13,2,4,45,70,0,15,1,2,0,0,0,294,0
270,lotad,3,0,136,5,14,9,4,255,50,0,15,0,4,0,0,0,295,0
271,lombre,3,270,136,5,12,9,4,120,50,0,15,0,4,0,0,0,296,0
272,ludicolo,3,271,136,5,12,9,4,45,50,0,15,1,4,0,0,0,297,0
273,seedot,3,0,137,3,7,2,4,255,50,0,15,0,4,0,0,0,298,0
274,nuzleaf,3,273,137,3,12,2,4,120,50,0,15,1,4,0,0,0,299,0
275,shiftry,3,274,137,3,12,2,4,45,50,0,15,1,4,0,0,0,300,0
276,taillow,3,0,138,2,9,3,4,200,70,0,15,0,4,0,0,0,301,0
277,swellow,3,276,138,2,9,3,4,45,70,0,15,0,4,0,0,0,302,0
278,wingull,3,0,139,9,9,7,4,190,50,0,20,0,2,0,0,0,303,0
279,pelipper,3,278,139,10,9,7,4,45,50,0,20,0,2,0,0,0,304,0
280,ralts,3,0,140,9,12,8,4,235,35,0,20,0,1,0,0,0,305,9
281,kirlia,3,280,140,9,12,8,4,120,35,0,20,0,1,0,0,0,306,10
282,gardevoir,3,281,140,9,12,8,4,45,35,0,20,0,1,1,0,0,307,11
283,surskit,3,0,141,2,14,9,4,200,70,0,15,0,2,0,0,0,309,0
284,masquerain,3,283,141,2,13,9,4,75,70,0,15,0,2,0,0,0,310,0
285,shroomish,3,0,142,3,7,2,4,255,70,0,15,0,6,0,0,0,311,0
286,breloom,3,285,142,5,6,2,4,90,70,0,15,0,6,0,0,0,312,0
287,slakoth,3,0,143,3,8,2,4,255,70,0,15,0,1,0,0,0,313,0
288,vigoroth,3,287,143,9,6,2,4,120,70,0,15,0,1,0,0,0,314,0
289,slaking,3,288,143,3,12,2,4,45,70,0,15,0,1,0,0,0,315,0
290,nincada,3,0,144,4,14,2,4,255,50,0,15,0,5,0,0,0,316,0
291,ninjask,3,290,144,10,13,2,4,120,50,0,15,0,5,0,0,0,317,0
292,shedinja,3,290,144,3,5,2,-1,45,50,0,15,0,5,0,0,0,318,0
293,whismur,3,0,145,6,6,1,4,190,50,0,20,0,4,0,0,0,319,0
294,loudred,3,293,145,2,6,1,4,120,50,0,20,0,4,0,0,0,320,0
295,exploud,3,294,145,2,6,1,4,45,50,0,20,0,4,0,0,0,321,0
296,makuhita,3,0,146,10,12,4,2,180,70,0,20,0,6,0,0,0,322,0
297,hariyama,3,296,146,3,12,4,2,200,70,0,20,0,6,0,0,0,323,0
298,azurill,3,0,90,2,7,9,6,150,50,1,10,0,3,0,0,0,211,0
299,nosepass,3,0,147,4,12,1,4,255,70,0,20,0,2,0,0,0,324,0
300,skitty,3,0,148,6,8,2,6,255,70,0,15,0,3,0,0,0,326,0
301,delcatty,3,300,148,7,8,2,6,60,70,0,15,0,3,0,0,0,327,0
302,sableye,3,0,149,7,12,1,4,45,35,0,25,0,4,1,0,0,328,0
303,mawile,3,0,150,1,12,1,4,45,50,0,20,0,3,1,0,0,329,0
304,aron,3,0,151,4,8,4,4,180,35,0,35,0,1,0,0,0,330,149
305,lairon,3,304,151,4,8,4,4,90,35,0,35,0,1,0,0,0,331,150
306,aggron,3,305,151,4,6,4,4,45,35,0,35,0,1,1,0,0,332,151
307,meditite,3,0,152,2,12,4,4,180,70,0,20,1,2,0,0,0,333,0
308,medicham,3,307,152,8,12,4,4,90,70,0,20,1,2,1,0,0,334,0
309,electrike,3,0,153,5,8,3,4,120,50,0,20,0,1,0,0,0,335,0
310,manectric,3,309,153,10,8,3,4,45,50,0,20,0,1,1,0,0,336,0
311,plusle,3,0,154,10,6,3,4,200,70,0,20,0,2,0,0,0,337,0
312,minun,3,0,155,10,6,3,4,200,70,0,20,0,2,0,0,0,338,0
313,volbeat,3,0,156,4,6,2,0,150,70,0,15,0,5,0,0,0,339,0
314,illumise,3,0,157,7,12,2,8,150,70,0,15,0,6,0,0,0,340,0
315,roselia,3,406,158,5,12,3,4,150,50,0,20,1,4,0,0,0,342,0
316,gulpin,3,0,159,5,4,3,4,225,70,0,20,1,6,0,0,0,344,0
317,swalot,3,316,159,7,4,3,4,75,70,0,20,1,6,0,0,0,345,0
318,carvanha,3,0,160,8,3,7,4,225,35,0,20,0,1,0,0,0,346,0
319,sharpedo,3,318,160,2,3,7,4,60,35,0,20,0,1,1,0,0,347,0
320,wailmer,3,0,161,2,3,7,4,125,50,0,40,0,6,0,0,0,348,0
321,wailord,3,320,161,2,3,7,4,60,50,0,40,0,6,0,0,0,349,0
322,numel,3,0,162,10,8,4,4,255,70,0,20,1,2,0,0,0,350,0
323,camerupt,3,322,162,8,8,4,4,150,70,0,20,1,2,1,0,0,351,0
324,torkoal,3,0,163,3,8,4,4,90,50,0,20,0,2,0,0,0,352,0
325,spoink,3,0,164,1,4,4,4,255,70,0,20,0,3,0,0,0,353,0
326,grumpig,3,325,164,7,6,4,4,60,70,0,20,0,3,0,0,0,354,0
327,spinda,3,0,165,3,6,4,4,255,70,0,15,0,3,0,0,0,355,0
328,trapinch,3,0,166,3,14,6,4,255,50,0,20,0,4,0,0,0,356,0
329,vibrava,3,328,166,5,13,6,4,120,50,0,20,0,4,0,0,0,357,0
330,flygon,3,329,166,5,9,6,4,45,50,0,20,0,4,0,0,0,358,0
331,cacnea,3,0,167,5,12,6,4,190,35,0,20,0,4,0,0,0,359,0
332,cacturne,3,331,167,5,12,6,4,60,35,0,20,1,4,0,0,0,360,0
333,swablu,3,0,168,2,9,2,4,255,50,0,20,0,5,0,0,0,361,0
334,altaria,3,333,168,2,9,2,4,45,50,0,20,0,5,1,0,0,362,0
335,zangoose,3,0,169,9,6,3,4,90,70,0,20,0,5,0,0,0,363,0
336,seviper,3,0,170,1,2,3,4,90,70,0,20,0,6,0,0,0,364,0
337,lunatone,3,0,171,10,1,1,-1,45,50,0,25,0,3,0,0,0,365,0
338,solrock,3,0,172,8,1,1,-1,45,50,0,25,0,3,0,0,0,366,0
339,barboach,3,0,173,4,3,9,4,190,50,0,20,0,2,0,0,0,367,0
340,whiscash,3,339,173,2,3,9,4,75,50,0,20,0,2,0,0,0,368,0
341,corphish,3,0,174,8,14,9,4,205,50,0,15,0,6,0,0,0,369,0
342,crawdaunt,3,341,174,8,14,9,4,155,50,0,15,0,6,0,0,0,370,0
343,baltoy,3,0,175,3,4,6,-1,255,50,0,20,0,2,0,0,0,371,0
344,claydol,3,343,175,1,4,6,-1,90,50,0,20,0,2,0,0,0,372,0
345,lileep,3,0,176,7,5,7,1,45,50,0,30,0,5,0,0,0,373,0
346,cradily,3,345,176,5,5,7,1,45,50,0,30,0,5,0,0,0,374,0
347,anorith,3,0,177,4,14,9,1,45,50,0,30,0,5,0,0,0,375,171
348,armaldo,3,347,177,4,6,9,1,45,50,0,30,0,5,0,0,0,376,172
349,feebas,3,0,178,3,3,9,4,255,50,0,20,0,5,0,0,0,377,0
350,milotic,3,349,178,6,2,9,4,60,50,0,20,1,5,0,0,0,378,0
351,castform,3,0,179,4,1,3,4,45,70,0,25,0,2,1,0,0,379,0
352,kecleon,3,0,180,5,6,2,4,200,70,0,20,0,4,0,0,0,380,0
353,shuppet,3,0,181,1,1,8,4,225,35,0,25,0,3,0,0,0,381,0
354,banette,3,353,181,1,6,8,4,45,35,0,25,0,3,1,0,0,382,0
355,duskull,3,0,182,1,4,2,4,190,35,0,25,0,3,0,0,0,383,69
356,dusclops,3,355,182,1,12,2,4,90,35,0,25,0,3,0,0,0,384,70
357,tropius,3,0,183,5,8,2,4,200,70,0,25,0,1,0,0,0,386,0
358,chimecho,3,433,184,2,4,3,4,45,70,0,25,0,3,0,0,0,388,53
359,absol,3,0,185,9,8,4,4,30,35,0,25,0,4,1,0,0,389,0
360,wynaut,3,0,100,2,6,1,4,125,50,1,20,0,2,0,0,0,232,0
361,snorunt,3,0,186,4,12,1,4,190,50,0,20,0,2,0,0,0,390,93
362,glalie,3,361,186,4,1,1,4,75,50,0,20,0,2,1,0,0,391,94
363,spheal,3,0,187,2,3,7,4,255,50,0,20,0,4,0,0,0,393,60
364,sealeo,3,363,187,2,3,7,4,120,50,0,20,0,4,0,0,0,394,61
365,walrein,3,364,187,2,8,7,4,45,50,0,20,0,4,0,0,0,395,62
366,clamperl,3,0,188,2,1,7,4,255,70,0,20,0,5,0,0,0,396,0
367,huntail,3,366,188,2,2,7,4,60,70,0,20,0,5,0,0,0,397,0
368,gorebyss,3,366,188,6,2,7,4,60,70,0,20,0,5,0,0,0,398,0
369,relicanth,3,0,189,4,3,7,1,25,50,0,40,1,1,0,0,0,399,0
370,luvdisc,3,0,190,6,3,7,6,225,70,0,20,0,3,0,0,0,400,0
371,bagon,3,0,191,2,12,6,4,45,35,0,40,0,1,0,0,0,401,0
372,shelgon,3,371,191,9,8,6,4,45,35,0,40,0,1,0,0,0,402,0
373,salamence,3,372,191,2,8,6,4,45,35,0,40,0,1,1,0,0,403,0
374,beldum,3,0,192,2,5,6,-1,3,35,0,40,0,1,0,0,0,404,82
375,metang,3,374,192,2,4,6,-1,3,35,0,40,0,1,0,0,0,405,83
376,metagross,3,375,192,2,11,6,-1,3,35,0,40,0,1,1,0,0,406,84
377,regirock,3,0,193,3,12,1,-1,3,35,0,80,0,1,0,1,0,407,0
378,regice,3,0,194,2,12,1,-1,3,35,0,80,0,1,0,1,0,408,0
379,registeel,3,0,195,4,12,1,-1,3,35,0,80,0,1,0,1,0,409,193
380,latias,3,0,196,8,9,9,8,3,90,0,120,0,1,1,1,0,410,0
381,latios,3,0,197,2,9,9,0,3,90,0,120,0,1,1,1,0,411,0
382,kyogre,3,0,198,2,3,7,-1,3,0,0,120,0,1,1,1,0,412,0
383,groudon,3,0,199,8,6,6,-1,3,0,0,120,0,1,1,1,0,413,194
384,rayquaza,3,0,200,5,2,5,-1,45,0,0,120,0,1,1,1,0,414,200
385,jirachi,3,0,201,10,12,4,-1,3,100,0,120,0,1,0,0,1,415,0
386,deoxys,3,0,202,8,12,5,-1,3,0,0,120,0,1,1,0,1,416,0
387,turtwig,4,0,203,5,8,0,1,45,70,0,20,0,4,0,0,0,417,0
388,grotle,4,387,203,5,8,0,1,45,70,0,20,0,4,0,0,0,418,0
389,torterra,4,388,203,5,8,0,1,45,70,0,20,0,4,0,0,0,419,0
390,chimchar,4,0,204,3,6,0,1,45,70,0,20,0,4,0,0,0,420,115
391,monferno,4,390,204,3,6,0,1,45,70,0,20,0,4,0,0,0,421,116
392,infernape,4,391,204,3,6,0,1,45,70,0,20,0,4,0,0,0,422,117
393,piplup,4,0,205,2,12,0,1,45,70,0,20,0,4,0,0,0,423,133
394,prinplup,4,393,205,2,6,0,1,45,70,0,20,0,4,0,0,0,424,134
395,empoleon,4,394,205,2,6,0,1,45,70,0,20,0,4,0,0,0,425,135
396,starly,4,0,206,3,9,0,4,255,70,0,15,1,4,0,0,0,426,26
397,staravia,4,396,206,3,9,0,4,120,70,0,15,1,4,0,0,0,427,27
398,staraptor,4,397,206,3,9,0,4,45,70,0,15,1,4,0,0,0,428,28
399,bidoof,4,0,207,3,8,0,4,255,70,0,15,1,2,0,0,0,429,29
400,bibarel,4,399,207,3,6,0,4,127,70,0,15,1,2,0,0,0,430,30
401,kricketot,4,0,208,8,12,0,4,255,70,0,15,1,4,0,0,0,431,0
402,kricketune,4,401,208,8,13,0,4,45,70,0,15,1,4,0,0,0,432,0
403,shinx,4,0,209,2,8,0,4,235,50,0,20,1,4,0,0,0,433,34
404,luxio,4,403,209,2,8,0,4,120,100,0,20,1,4,0,0,0,434,35
405,luxray,4,404,209,2,8,0,4,45,50,0,20,1,4,0,0,0,435,36
406,budew,4,0,158,5,12,0,4,255,50,1,20,0,4,0,0,0,341,0
407,roserade,4,315,158,5,12,0,4,75,50,0,20,1,4,0,0,0,343,0
408,cranidos,4,0,211,2,6,0,1,45,70,0,30,0,5,0,0,0,436,0
409,rampardos,4,408,211,2,6,0,1,45,70,0,30,0,5,0,0,0,437,0
410,shieldon,4,0,212,4,8,0,1,45,70,0,30,0,5,0,0,0,438,163
411,bastiodon,4,410,212,4,8,0,1,45,70,0,30,0,5,0,0,0,439,164
412,burmy,4,0,213,5,5,0,4,120,70,0,15,0,2,1,0,0,440,0
413,wormadam,4,412,213,5,5,0,8,45,70,0,15,0,2,0,0,0,441,0
414,mothim,4,412,213,10,13,0,0,45,70,0,15,0,2,0,0,0,442,0
415,combee,4,0,214,10,11,0,1,120,50,0,15,1,4,0,0,0,443,0
416,vespiquen,4,415,214,10,13,0,8,45,50,0,15,0,4,0,0,0,444,0
417,pachirisu,4,0,215,9,8,0,4,200,100,0,10,1,2,0,0,0,445,0
418,buizel,4,0,216,3,8,0,4,190,70,0,20,1,2,0,0,0,446,0
419,floatzel,4,418,216,3,8,0,4,75,70,0,20,1,2,0,0,0,447,0
420,cherubi,4,0,217,6,11,0,4,190,50,0,20,0,2,0,0,0,448,0
421,cherrim,4,420,217,7,7,0,4,75,50,0,20,0,2,1,0,0,449,0
422,shellos,4,0,218,7,2,0,4,190,50,0,20,0,2,0,0,0,450,0
423,gastrodon,4,422,218,7,2,0,4,75,50,0,20,0,2,0,0,0,451,0
424,ambipom,4,190,93,7,6,0,4,45,100,0,20,1,3,0,0,0,220,0
425,drifloon,4,0,219,7,4,0,4,125,50,0,30,0,6,0,0,0,452,167
426,drifblim,4,425,219,7,4,0,4,60,50,0,30,0,6,0,0,0,453,168
427,buneary,4,0,220,3,6,0,4,190,0,0,20,0,2,0,0,0,454,0
428,lopunny,4,427,220,3,6,0,4,60,140,0,20,0,2,1,0,0,455,0
429,mismagius,4,200,98,7,1,0,4,45,35,0,25,0,3,0,0,0,230,184
430,honchkrow,4,198,97,1,9,0,4,30,35,0,20,0,4,0,0,0,228,0
431,glameow,4,0,221,4,8,0,6,190,70,0,20,0,3,0,0,0,456,0
432,purugly,4,431,221,4,8,0,6,75,70,0,20,0,3,0,0,0,457,0
433,chingling,4,0,184,10,12,0,4,120,70,1,25,0,3,0,0,0,387,52
434,stunky,4,0,223,7,8,0,4,225,50,0,20,0,2,0,0,0,458,0
435,skuntank,4,434,223,7,8,0,4,60,50,0,20,0,2,0,0,0,459,0
436,bronzor,4,0,224,5,1,0,-1,255,50,0,20,0,2,0,0,0,460,0
437,bronzong,4,436,224,5,4,0,-1,90,50,0,20,0,2,0,0,0,461,0
438,bonsly,4,0,91,3,7,0,4,255,50,1,20,0,2,0,0,0,214,0
439,mime-jr,4,0,57,6,12,0,4,145,50,1,25,0,2,0,0,0,139,0
440,happiny,4,0,51,6,12,0,8,130,140,1,40,0,3,0,0,0,126,0
441,chatot,4,0,228,1,9,0,4,30,35,0,20,0,4,0,0,0,462,0
442,spiritomb,4,0,229,7,5,0,4,100,50,0,30,0,2,0,0,0,463,187
443,gible,4,0,230,2,6,0,4,45,50,0,40,1,1,0,0,0,464,85
444,gabite,4,443,230,2,6,0,4,45,50,0,40,1,1,0,0,0,465,86
445,garchomp,4,444,230,2,6,0,4,45,50,0,40,1,1,1,0,0,466,87
446,munchlax,4,0,72,1,12,0,1,50,50,1,40,0,1,0,0,0,174,178
447,riolu,4,0,232,2,6,0,1,75,50,1,25,0,4,0,0,0,467,50
448,lucario,4,447,232,2,6,0,1,45,50,0,25,0,4,1,0,0,468,51
449,hippopotas,4,0,233,3,8,0,4,140,50,0,30,1,1,0,0,0,469,0
450,hippowdon,4,449,233,3,8,0,4,60,50,0,30,1,1,0,0,0,470,0
451,skorupi,4,0,234,7,14,0,4,120,50,0,20,0,1,0,0,0,471,156
452,drapion,4,451,234,7,14,0,4,45,50,0,20,0,1,0,0,0,472,157
453,croagunk,4,0,235,2,12,0,4,140,100,0,10,1,2,0,0,0,473,88
454,toxicroak,4,453,235,2,12,0,4,75,50,0,20,1,2,0,0,0,474,89
455,carnivine,4,0,236,5,10,0,4,200,70,0,25,0,1,0,0,0,475,186
456,finneon,4,0,237,2,3,0,4,190,70,0,20,1,5,0,0,0,476,0
457,lumineon,4,456,237,2,3,0,4,75,70,0,20,1,5,0,0,0,477,0
458,mantyke,4,0,116,2,9,0,4,25,50,1,25,0,1,0,0,0,258,0
459,snover,4,0,239,9,6,0,4,120,50,0,20,1,1,0,0,0,478,0
460,abomasnow,4,459,239,9,6,0,4,60,50,0,20,1,1,1,0,0,479,0
461,weavile,4,215,109,1,6,0,4,45,35,0,20,1,4,0,0,0,246,182
462,magnezone,4,82,34,4,4,0,-1,30,50,0,20,0,2,0,0,0,90,0
463,lickilicky,4,108,48,6,12,0,4,30,50,0,20,0,2,0,0,0,120,0
464,rhyperior,4,112,50,4,6,0,4,30,50,0,20,1,1,0,0,0,125,162
465,tangrowth,4,114,52,2,12,0,4,30,50,0,20,1,2,0,0,0,130,0
466,electivire,4,125,60,10,6,0,2,30,50,0,25,0,2,0,0,0,147,0
467,magmortar,4,126,61,8,6,0,2,30,50,0,25,0,2,0,0,0,150,0
468,togekiss,4,176,87,9,9,0,1,30,50,0,10,0,3,0,0,0,205,0
469,yanmega,4,193,95,5,13,0,4,30,70,0,20,0,2,0,0,0,224,0
470,leafeon,4,133,67,5,8,0,1,45,35,0,35,0,2,0,0,0,163,7
471,glaceon,4,133,67,2,8,0,1,45,35,0,35,0,2,0,0,0,164,8
472,gliscor,4,207,104,7,9,0,4,30,70,0,20,0,4,0,0,0,239,0
473,mamoswine,4,221,112,3,8,0,4,50,50,0,20,1,1,0,0,0,253,0
474,porygon-z,4,233,68,8,4,0,-1,30,50,0,20,0,2,0,0,0,168,0
475,gallade,4,281,140,9,12,0,0,45,35,0,20,0,1,1,0,0,308,12
476,probopass,4,299,147,4,11,0,4,60,70,0,20,0,2,0,0,0,325,0
477,dusknoir,4,356,182,1,4,0,4,45,35,0,25,0,3,0,0,0,385,71
478,froslass,4,361,186,9,4,0,8,75,50,0,20,0,2,0,0,0,392,95
479,rotom,4,0,240,8,1,0,-1,45,50,0,20,0,2,1,0,0,480,0
480,uxie,4,0,241,10,6,0,-1,3,140,0,80,0,1,0,1,0,481,0
481,mesprit,4,0,242,6,6,0,-1,3,140,0,80,0,1,0,1,0,482,0
482,azelf,4,0,243,2,6,0,-1,3,140,0,80,0,1,0,1,0,483,0
483,dialga,4,0,244,9,8,0,-1,3,0,0,120,0,1,0,1,0,484,195
484,palkia,4,0,245,7,6,0,-1,3,0,0,120,0,1,0,1,0,485,0
485,heatran,4,0,246,3,8,0,4,3,100,0,10,0,1,0,1,0,486,0
486,regigigas,4,0,247,9,12,0,-1,3,0,0,120,0,1,0,1,0,487,0
487,giratina,4,0,248,1,10,0,-1,3,0,0,120,0,1,1,1,0,488,0
488,cresselia,4,0,249,10,2,0,8,3,100,0,120,0,1,0,1,0,489,0
489,phione,4,0,250,2,4,0,-1,30,70,0,40,0,1,0,0,1,490,0
490,manaphy,4,0,250,2,12,0,-1,3,70,0,10,0,1,0,0,1,491,0
491,darkrai,4,0,252,1,12,0,-1,3,0,0,120,0,1,0,0,1,492,0
492,shaymin,4,0,253,5,8,0,-1,45,100,0,120,0,4,1,0,1,493,0
493,arceus,4,0,254,9,8,0,-1,3,0,0,120,0,1,1,0,1,494,199
494,victini,5,0,255,10,12,0,-1,3,100,0,120,0,1,0,0,1,495,0
495,snivy,5,0,256,5,6,0,1,45,70,0,20,0,4,0,0,0,496,118
496,servine,5,495,256,5,6,0,1,45,70,0,20,0,4,0,0,0,497,119
497,serperior,5,496,256,5,2,0,1,45,70,0,20,0,4,0,0,0,498,120
498,tepig,5,0,257,8,8,0,1,45,70,0,20,0,4,0,0,0,499,121
499,pignite,5,498,257,8,6,0,1,45,70,0,20,0,4,0,0,0,500,122
500,emboar,5,499,257,8,6,0,1,45,70,0,20,0,4,0,0,0,501,123
501,oshawott,5,0,258,2,6,0,1,45,70,0,20,0,4,0,0,0,502,106
502,dewott,5,501,258,2,6,0,1,45,70,0,20,0,4,0,0,0,503,107
503,samurott,5,502,258,2,8,0,1,45,70,0,20,0,4,0,0,0,504,108
504,patrat,5,0,259,3,8,0,4,255,70,0,15,0,2,0,0,0,505,0
505,watchog,5,504,259,3,6,0,4,255,70,0,20,0,2,0,0,0,506,0
506,lillipup,5,0,260,3,8,0,4,255,50,0,15,0,4,0,0,0,507,0
507,herdier,5,506,260,4,8,0,4,120,50,0,15,0,4,0,0,0,508,0
508,stoutland,5,507,260,4,8,0,4,45,50,0,15,0,4,0,0,0,509,0
509,purrloin,5,0,261,7,8,0,4,255,50,0,20,0,2,0,0,0,510,0
510,liepard,5,509,261,7,8,0,4,90,50,0,20,0,2,0,0,0,511,0
511,pansage,5,0,262,5,6,0,1,190,70,0,20,0,2,0,0,0,512,136
512,simisage,5,511,262,5,6,0,1,75,70,0,20,0,2,0,0,0,513,137
513,pansear,5,0,263,8,6,0,1,190,70,0,20,0,2,0,0,0,514,138
514,simisear,5,513,263,8,6,0,1,75,70,0,20,0,2,0,0,0,515,139
515,panpour,5,0,264,2,6,0,1,190,70,0,20,0,2,0,0,0,516,140
516,simipour,5,515,264,2,6,0,1,75,70,0,20,0,2,0,0,0,517,141
517,munna,5,0,265,6,8,0,4,190,50,0,10,0,3,0,0,0,518,72
518,musharna,5,517,265,6,12,0,4,75,50,0,10,0,3,0,0,0,519,73
519,pidove,5,0,266,4,9,0,4,255,50,0,15,0,4,0,0,0,520,0
520,tranquill,5,519,266,4,9,0,4,120,50,0,15,0,4,0,0,0,521,0
521,unfezant,5,520,266,4,9,0,4,45,50,0,15,1,4,0,0,0,522,0
522,blitzle,5,0,267,1,8,0,4,190,70,0,20,0,2,0,0,0,523,74
523,zebstrika,5,522,267,1,8,0,4,75,70,0,20,0,2,0,0,0,524,75
524,roggenrola,5,0,268,2,7,0,4,255,50,0,15,0,4,0,0,0,525,40
525,boldore,5,524,268,2,10,0,4,120,50,0,15,0,4,0,0,0,526,41
526,gigalith,5,525,268,2,10,0,4,45,50,0,15,0,4,0,0,0,527,42
527,woobat,5,0,269,2,9,0,4,190,50,0,15,0,2,0,0,0,528,0
528,swoobat,5,527,269,2,9,0,4,45,50,0,15,0,2,0,0,0,529,0
529,drilbur,5,0,270,4,6,0,4,120,50,0,20,0,2,0,0,0,530,152
530,excadrill,5,529,270,4,12,0,4,60,50,0,20,0,2,0,0,0,531,153
531,audino,5,0,271,6,6,0,4,255,50,0,20,0,3,1,0,0,532,185
532,timburr,5,0,272,4,12,0,2,180,70,0,20,0,4,0,0,0,533,101
533,gurdurr,5,532,272,4,12,0,2,90,50,0,20,0,4,0,0,0,534,102
534,conkeldurr,5,533,272,3,12,0,2,45,50,0,20,0,4,0,0,0,535,103
535,tympole,5,0,273,2,3,0,4,255,50,0,20,0,4,0,0,0,536,0
536,palpitoad,5,535,273,2,6,0,4,120,50,0,20,0,4,0,0,0,537,0
537,seismitoad,5,536,273,2,12,0,4,45,50,0,20,0,4,0,0,0,538,0
538,throh,5,0,274,8,12,0,0,45,50,0,20,0,2,0,0,0,539,0
539,sawk,5,0,275,2,12,0,0,45,50,0,20,0,2,0,0,0,540,0
540,sewaddle,5,0,276,10,14,0,4,255,70,0,15,0,4,0,0,0,541,124
541,swadloon,5,540,276,5,4,0,4,120,70,0,15,0,4,0,0,0,542,125
542,leavanny,5,541,276,10,12,0,4,45,70,0,15,0,4,0,0,0,543,126
543,venipede,5,0,277,8,14,0,4,255,50,0,15,0,4,0,0,0,544,31
544,whirlipede,5,543,277,4,1,0,4,120,50,0,15,0,4,0,0,0,545,32
545,scolipede,5,544,277,8,14,0,4,45,50,0,20,0,4,0,0,0,546,33
546,cottonee,5,0,278,5,1,0,4,190,50,0,20,0,2,0,0,0,547,48
547,whimsicott,5,546,278,5,12,0,4,75,50,0,20,0,2,0,0,0,548,49
548,petilil,5,0,279,5,5,0,8,190,50,0,20,0,2,0,0,0,549,43
549,lilligant,5,548,279,5,5,0,8,75,50,0,20,0,2,0,0,0,550,44
550,basculin,5,0,280,5,3,0,4,25,50,0,40,0,2,0,0,0,551,0
551,sandile,5,0,281,3,8,0,4,180,50,0,20,0,4,0,0,0,552,66
552,krokorok,5,551,281,3,8,0,4,90,50,0,20,0,4,0,0,0,553,67
553,krookodile,5,552,281,8,6,0,4,45,50,0,20,0,4,0,0,0,554,68
554,darumaka,5,0,282,8,12,0,4,120,50,0,20,0,4,0,0,0,555,142
555,darmanitan,5,554,282,8,8,0,4,60,50,0,20,0,4,1,0,0,556,143
556,maractus,5,0,283,5,5,0,4,255,50,0,20,0,2,0,0,0,557,0
557,dwebble,5,0,284,8,14,0,4,190,50,0,20,0,2,0,0,0,558,0
558,crustle,5,557,284,8,14,0,4,75,50,0,20,0,2,0,0,0,559,0
559,scraggy,5,0,285,10,6,0,4,180,35,0,15,0,2,0,0,0,560,165
560,scrafty,5,559,285,8,6,0,4,90,50,0,15,0,2,0,0,0,561,166
561,sigilyph,5,0,286,1,9,0,4,45,50,0,20,0,2,0,0,0,562,0
562,yamask,5,0,287,1,4,0,4,190,50,0,25,0,2,0,0,0,563,0
563,cofagrigus,5,562,287,10,5,0,4,90,50,0,25,0,2,0,0,0,564,0
564,tirtouga,5,0,288,2,8,0,1,45,50,0,30,0,2,0,0,0,565,0
565,carracosta,5,564,288,2,6,0,1,45,50,0,30,0,2,0,0,0,566,0
566,archen,5,0,289,10,9,0,1,45,50,0,30,0,2,0,0,0,567,0
567,archeops,5,566,289,10,9,0,1,45,50,0,30,0,2,0,0,0,568,0
568,trubbish,5,0,290,5,12,0,4,190,50,0,20,0,2,0,0,0,569,0
569,garbodor,5,568,290,5,12,0,4,60,50,0,20,0,2,0,0,0,570,0
570,zorua,5,0,291,4,8,0,1,75,50,0,25,0,4,0,0,0,571,154
571,zoroark,5,570,291,4,6,0,1,45,50,0,20,0,4,0,0,0,572,155
572,minccino,5,0,292,4,8,0,6,255,50,0,15,0,3,0,0,0,573,96
573,cinccino,5,572,292,4,8,0,6,60,50,0,15,0,3,0,0,0,574,97
574,gothita,5,0,293,7,12,0,6,200,50,0,20,0,4,0,0,0,575,63
575,gothorita,5,574,293,7,12,0,6,100,50,0,20,0,4,0,0,0,576,64
576,gothitelle,5,575,293,7,12,0,6,50,50,0,20,0,4,0,0,0,577,65
577,solosis,5,0,294,5,1,0,4,200,50,0,20,0,4,0,0,0,578,0
578,duosion,5,577,294,5,1,0,4,100,50,0,20,0,4,0,0,0,579,0
579,reuniclus,5,578,294,5,4,0,4,50,50,0,20,0,4,0,0,0,580,0
580,ducklett,5,0,295,2,9,0,4,190,70,0,20,0,2,0,0,0,581,0
581,swanna,5,580,295,9,9,0,4,45,70,0,20,0,2,0,0,0,582,0
582,vanillite,5,0,296,9,5,0,4,255,50,0,20,0,1,0,0,0,583,0
583,vanillish,5,582,296,9,5,0,4,120,50,0,20,0,1,0,0,0,584,0
584,vanilluxe,5,583,296,9,11,0,4,45,50,0,20,0,1,0,0,0,585,0
585,deerling,5,0,297,6,8,0,4,190,70,0,20,0,2,1,0,0,586,0
586,sawsbuck,5,585,297,3,8,0,4,75,70,0,20,0,2,1,0,0,587,0
587,emolga,5,0,298,9,8,0,4,200,50,0,20,0,2,0,0,0,588,180
588,karrablast,5,0,299,2,12,0,4,200,50,0,15,0,2,0,0,0,589,0
589,escavalier,5,588,299,4,4,0,4,75,50,0,15,0,2,0,0,0,590,0
590,foongus,5,0,300,9,4,0,4,190,50,0,20,0,2,0,0,0,591,0
591,amoonguss,5,590,300,9,4,0,4,75,50,0,20,0,2,0,0,0,592,0
592,frillish,5,0,301,9,10,0,4,190,50,0,20,1,2,0,0,0,593,0
593,jellicent,5,592,301,9,10,0,4,60,50,0,20,1,2,0,0,0,594,0
594,alomomola,5,0,302,6,3,0,4,75,70,0,40,0,3,0,0,0,595,0
595,joltik,5,0,303,10,14,0,4,190,50,0,20,0,2,0,0,0,596,147
596,galvantula,5,595,303,10,14,0,4,75,50,0,20,0,2,0,0,0,597,148
597,ferroseed,5,0,304,4,1,0,4,255,50,0,20,0,2,0,0,0,598,0
598,ferrothorn,5,597,304,4,10,0,4,90,50,0,20,0,2,0,0,0,599,0
599,klink,5,0,305,4,11,0,-1,130,50,0,20,0,4,0,0,0,600,0
600,klang,5,599,305,4,11,0,-1,60,50,0,20,0,4,0,0,0,601,0
601,klinklang,5,600,305,4,11,0,-1,30,50,0,20,0,4,0,0,0,602,0
602,tynamo,5,0,306,9,3,0,4,190,70,0,20,0,1,0,0,0,603,0
603,eelektrik,5,602,306,2,3,0,4,60,70,0,20,0,1,0,0,0,604,0
604,eelektross,5,603,306,2,3,0,4,30,70,0,20,0,1,0,0,0,605,0
605,elgyem,5,0,307,2,6,0,4,255,50,0,20,0,2,0,0,0,606,0
606,beheeyem,5,605,307,3,12,0,4,90,50,0,20,0,2,0,0,0,607,0
607,litwick,5,0,308,9,5,0,4,190,50,0,20,0,4,0,0,0,608,37
608,lampent,5,607,308,1,4,0,4,90,50,0,20,0,4,0,0,0,609,38
609,chandelure,5,608,308,1,4,0,4,45,50,0,20,0,4,0,0,0,610,39
610,axew,5,0,309,5,6,0,4,75,35,0,40,0,1,0,0,0,611,144
611,fraxure,5,610,309,5,6,0,4,60,35,0,40,0,1,0,0,0,612,145
612,haxorus,5,611,309,10,6,0,4,45,35,0,40,0,1,0,0,0,613,146
613,cubchoo,5,0,310,9,6,0,4,120,50,0,20,0,2,0,0,0,614,104
614,beartic,5,613,310,9,8,0,4,60,50,0,20,0,2,0,0,0,615,105
615,cryogonal,5,0,311,2,1,0,-1,25,50,0,25,0,2,0,0,0,616,0
616,shelmet,5,0,312,8,1,0,4,200,50,0,15,0,2,0,0,0,617,0
617,accelgor,5,616,312,8,4,0,4,75,50,0,15,0,2,0,0,0,618,0
618,stunfisk,5,0,313,3,3,0,4,75,70,0,20,0,2,0,0,0,619,0
619,mienfoo,5,0,314,10,6,0,4,180,50,0,25,0,4,0,0,0,620,0
620,mienshao,5,619,314,7,6,0,4,45,50,0,25,0,4,0,0,0,621,0
621,druddigon,5,0,315,8,6,0,4,45,50,0,30,0,2,0,0,0,622,0
622,golett,5,0,316,5,12,0,-1,190,50,0,25,0,2,0,0,0,623,0
623,golurk,5,622,316,5,12,0,-1,90,50,0,25,0,2,0,0,0,624,0
624,pawniard,5,0,317,8,12,0,4,120,35,0,20,0,2,0,0,0,625,158
625,bisharp,5,624,317,8,12,0,4,45,35,0,20,0,2,0,0,0,626,159
626,bouffalant,5,0,318,3,8,0,4,45,50,0,20,0,2,0,0,0,627,0
627,rufflet,5,0,319,9,9,0,0,190,50,0,20,0,1,0,0,0,628,169
628,braviary,5,627,319,8,9,0,0,60,50,0,20,0,1,0,0,0,629,170
629,vullaby,5,0,320,3,9,0,8,190,35,0,20,0,1,0,0,0,630,0
630,mandibuzz,5,629,320,3,9,0,8,60,35,0,20,0,1,0,0,0,631,0
631,heatmor,5,0,321,8,6,0,4,90,50,0,20,0,2,0,0,0,632,0
632,durant,5,0,322,4,14,0,4,90,50,0,20,0,2,0,0,0,633,0
633,deino,5,0,323,2,8,0,4,45,35,0,40,0,1,0,0,0,634,90
634,zweilous,5,633,323,2,8,0,4,45,35,0,40,0,1,0,0,0,635,91
635,hydreigon,5,634,323,2,6,0,4,45,35,0,40,0,1,0,0,0,636,92
636,larvesta,5,0,324,9,14,0,4,45,50,0,40,0,1,0,0,0,637,173
637,volcarona,5,636,324,9,13,0,4,15,50,0,40,0,1,0,0,0,638,174
638,cobalion,5,0,325,2,8,0,-1,3,35,0,80,0,1,0,1,0,639,0
639,terrakion,5,0,326,4,8,0,-1,3,35,0,80,0,1,0,1,0,640,191
640,virizion,5,0,327,5,8,0,-1,3,35,0,80,0,1,0,1,0,641,0
641,tornadus,5,0,328,5,4,0,0,3,90,0,120,0,1,1,1,0,642,0
642,thundurus,5,0,329,2,4,0,0,3,90,0,120,0,1,1,1,0,643,0
643,reshiram,5,0,330,9,9,0,-1,3,0,0,120,0,1,0,1,0,644,197
644,zekrom,5,0,331,1,6,0,-1,3,0,0,120,0,1,0,1,0,645,198
645,landorus,5,0,332,3,4,0,0,3,90,0,120,0,1,1,1,0,646,0
646,kyurem,5,0,333,4,6,0,-1,3,0,0,120,0,1,1,1,0,647,0
647,keldeo,5,0,334,10,8,0,-1,3,35,0,80,0,1,1,0,1,648,0
648,meloetta,5,0,335,9,12,0,-1,3,100,0,120,0,1,1,0,1,649,0
649,genesect,5,0,336,7,12,0,-1,3,0,0,120,0,1,1,0,1,650,0
650,chespin,6,0,337,5,6,0,1,45,70,0,20,0,4,0,0,0,651,0
651,quilladin,6,650,337,5,6,0,1,45,70,0,20,0,4,0,0,0,652,0
652,chesnaught,6,651,337,5,6,0,1,45,70,0,20,0,4,0,0,0,653,0
653,fennekin,6,0,338,8,8,0,1,45,70,0,20,0,4,0,0,0,654,0
654,braixen,6,653,338,8,6,0,1,45,70,0,20,0,4,0,0,0,655,0
655,delphox,6,654,338,8,6,0,1,45,70,0,20,0,4,0,0,0,656,0
656,froakie,6,0,339,2,8,0,1,45,70,0,20,0,4,0,0,0,657,0
657,frogadier,6,656,339,2,12,0,1,45,70,0,20,0,4,0,0,0,658,0
658,greninja,6,657,339,2,12,0,1,45,70,0,20,0,4,0,0,0,659,0
659,bunnelby,6,0,340,3,6,0,4,255,50,0,15,0,2,0,0,0,660,0
660,diggersby,6,659,340,3,6,0,4,127,50,0,15,0,2,0,0,0,661,0
661,fletchling,6,0,341,8,9,0,4,255,50,0,15,0,4,0,0,0,662,0
662,fletchinder,6,661,341,8,9,0,4,120,50,0,15,0,4,0,0,0,663,0
663,talonflame,6,662,341,8,9,0,4,45,50,0,15,0,4,0,0,0,664,0
664,scatterbug,6,0,342,1,14,0,4,255,70,0,15,0,2,0,0,0,665,0
665,spewpa,6,664,342,1,5,0,4,120,70,0,15,0,2,0,0,0,666,0
666,vivillon,6,665,342,9,13,0,4,45,70,0,15,0,2,0,0,0,667,0
667,litleo,6,0,343,3,8,0,7,220,70,0,20,0,4,0,0,0,668,0
668,pyroar,6,667,343,3,8,0,7,65,70,0,20,1,4,0,0,0,669,0
669,flabebe,6,0,344,9,4,0,8,225,70,0,20,0,2,0,0,0,670,0
670,floette,6,669,344,9,4,0,8,120,70,0,20,0,2,0,0,0,671,0
671,florges,6,670,344,9,4,0,8,45,70,0,20,0,2,0,0,0,672,0
672,skiddo,6,0,345,3,8,0,4,200,70,0,20,0,2,0,0,0,673,0
673,gogoat,6,672,345,3,8,0,4,45,70,0,20,0,2,0,0,0,674,0
674,pancham,6,0,346,9,6,0,4,220,50,0,25,0,2,0,0,0,675,0
675,pangoro,6,674,346,9,12,0,4,65,50,0,25,0,2,0,0,0,676,0
676,furfrou,6,0,347,9,8,0,4,160,70,0,20,0,2,1,0,0,677,0
677,espurr,6,0,348,4,6,0,4,190,50,0,20,0,2,0,0,0,678,0
678,meowstic,6,677,348,2,6,0,4,75,50,0,20,1,2,0,0,0,679,0
679,honedge,6,0,349,3,5,0,4,180,50,0,20,0,2,0,0,0,680,0
680,doublade,6,679,349,3,11,0,4,90,50,0,20,0,2,0,0,0,681,0
681,aegislash,6,680,349,3,5,0,4,45,50,0,20,0,2,1,0,0,682,0
682,spritzee,6,0,350,6,4,0,4,200,50,0,20,0,2,0,0,0,683,0
683,aromatisse,6,682,350,6,12,0,4,140,50,0,20,0,2,0,0,0,684,0
684,swirlix,6,0,351,9,7,0,4,200,50,0,20,0,2,0,0,0,685,0
685,slurpuff,6,684,351,9,12,0,4,140,50,0,20,0,2,0,0,0,686,0
686,inkay,6,0,352,2,10,0,4,190,50,0,20,0,2,0,0,0,687,0
687,malamar,6,686,352,2,5,0,4,80,50,0,20,0,2,0,0,0,688,0
688,binacle,6,0,353,3,11,0,4,120,50,0,20,0,2,0,0,0,689,0
689,barbaracle,6,688,353,3,11,0,4,45,50,0,20,0,2,0,0,0,690,0
690,skrelp,6,0,354,3,5,0,4,225,50,0,20,0,2,0,0,0,691,0
691,dragalge,6,690,354,3,5,0,4,55,50,0,20,0,2,0,0,0,692,0
692,clauncher,6,0,355,2,14,0,4,225,50,0,15,0,1,0,0,0,693,0
693,clawitzer,6,692,355,2,2,0,4,55,50,0,15,0,1,0,0,0,694,0
694,helioptile,6,0,356,10,6,0,4,190,50,0,20,0,2,0,0,0,695,0
695,heliolisk,6,694,356,10,6,0,4,75,50,0,20,0,2,0,0,0,696,0
696,tyrunt,6,0,357,3,6,0,1,45,50,0,30,0,2,0,0,0,697,0
697,tyrantrum,6,696,357,8,6,0,1,45,50,0,30,0,2,0,0,0,698,0
698,amaura,6,0,358,2,8,0,1,45,50,0,30,0,2,0,0,0,699,0
699,aurorus,6,698,358,2,8,0,1,45,50,0,30,0,2,0,0,0,700,0
700,sylveon,6,133,67,6,8,0,1,45,50,0,35,0,2,0,0,0,165,0
701,hawlucha,6,0,359,5,12,0,4,100,50,0,20,0,2,0,0,0,701,0
702,dedenne,6,0,360,10,6,0,4,180,50,0,20,0,2,0,0,0,702,0
703,carbink,6,0,361,4,1,0,-1,60,50,0,25,0,1,0,0,0,703,0
704,goomy,6,0,362,7,2,0,4,45,35,0,40,0,1,0,0,0,704,0
705,sliggoo,6,704,362,7,2,0,4,45,35,0,40,0,1,0,0,0,705,0
706,goodra,6,705,362,7,6,0,4,45,35,0,40,0,1,0,0,0,706,0
707,klefki,6,0,363,4,1,0,4,75,50,0,20,0,3,0,0,0,707,0
708,phantump,6,0,364,3,4,0,4,120,50,0,20,0,2,0,0,0,708,0
709,trevenant,6,708,364,3,10,0,4,60,50,0,20,0,2,0,0,0,709,0
710,pumpkaboo,6,0,365,3,1,0,4,120,50,0,20,0,2,0,0,0,710,0
711,gourgeist,6,710,365,3,5,0,4,60,50,0,20,0,2,0,0,0,711,0
712,bergmite,6,0,366,2,8,0,4,190,50,0,20,0,2,0,0,0,712,0
713,avalugg,6,712,366,2,8,0,4,55,50,0,20,0,2,0,0,0,713,0
714,noibat,6,0,367,7,9,0,4,190,50,0,20,0,2,0,0,0,714,0
715,noivern,6,714,367,7,9,0,4,45,50,0,20,0,2,0,0,0,715,0
716,xerneas,6,0,368,2,8,0,-1,45,0,0,120,0,1,1,1,0,716,0
717,yveltal,6,0,369,8,9,0,-1,45,0,0,120,0,1,0,1,0,717,0
718,zygarde,6,0,370,5,2,0,-1,3,0,0,120,0,1,0,1,0,718,0
719,diancie,6,0,371,6,4,0,-1,3,50,0,25,0,1,1,0,1,719,0
720,hoopa,6,0,372,7,4,0,-1,3,100,0,120,0,1,0,0,1,720,0
721,volcanion,6,0,373,3,8,0,-1,3,100,0,120,0,1,0,0,1,721,0
722,rowlet,7,0,374,3,9,0,1,45,50,0,15,0,4,0,0,0,722,0
723,dartrix,7,722,374,3,9,0,1,45,50,0,15,0,4,0,0,0,723,0
724,decidueye,7,723,374,3,9,0,1,45,50,0,15,0,4,0,0,0,724,0
725,litten,7,0,375,8,8,0,1,45,50,0,15,0,4,0,0,0,725,0
726,torracat,7,725,375,8,8,0,1,45,50,0,15,0,4,0,0,0,726,0
727,incineroar,7,726,375,8,6,0,1,45,50,0,15,0,4,0,0,0,727,0
728,popplio,7,0,376,2,3,0,1,45,50,0,15,0,4,0,0,0,728,0
729,brionne,7,728,376,2,3,0,1,45,50,0,15,0,4,0,0,0,729,0
730,primarina,7,729,376,2,3,0,1,45,50,0,15,0,4,0,0,0,730,0
731,pikipek,7,0,377,1,9,0,4,255,70,0,15,0,2,0,0,0,731,0
732,trumbeak,7,731,377,1,9,0,4,120,70,0,15,0,2,0,0,0,732,0
733,toucannon,7,732,377,1,9,0,4,45,70,0,15,0,2,0,0,0,733,0
734,yungoos,7,0,378,3,8,0,4,255,70,0,15,0,2,0,0,0,734,0
735,gumshoos,7,734,378,3,8,0,4,127,70,0,15,0,2,0,0,0,735,0
736,grubbin,7,0,379,4,14,0,4,255,50,0,15,0,2,0,0,0,736,0
737,charjabug,7,736,379,5,2,0,4,120,50,0,15,0,2,0,0,0,737,0
738,vikavolt,7,737,379,2,14,0,4,45,50,0,15,0,2,0,0,0,738,0
739,crabrawler,7,0,380,7,14,0,4,225,70,0,20,0,2,0,0,0,739,0
740,crabominable,7,739,380,9,14,0,4,60,70,0,20,0,2,0,0,0,740,0
741,oricorio,7,0,381,8,9,0,6,45,70,0,20,0,2,0,0,0,741,0
742,cutiefly,7,0,382,10,14,0,4,190,50,0,20,0,2,0,0,0,742,0
743,ribombee,7,742,382,10,13,0,4,75,50,0,20,0,2,0,0,0,743,0
744,rockruff,7,0,383,3,8,0,4,190,50,0,15,0,2,0,0,0,744,0
745,lycanroc,7,744,383,3,8,0,4,90,50,0,15,0,2,0,0,0,745,0
746,wishiwashi,7,0,384,2,3,0,4,60,50,0,15,0,3,0,0,0,746,0
747,mareanie,7,0,385,2,5,0,4,190,50,0,20,0,2,0,0,0,747,0
748,toxapex,7,747,385,2,10,0,4,75,50,0,20,0,2,0,0,0,748,0
749,mudbray,7,0,386,3,8,0,4,190,50,0,20,0,2,0,0,0,749,0
750,mudsdale,7,749,386,3,8,0,4,60,50,0,20,0,2,0,0,0,750,0
751,dewpider,7,0,387,5,7,0,4,200,50,0,15,0,2,0,0,0,751,0
752,araquanid,7,751,387,5,14,0,4,100,50,0,15,0,2,0,0,0,752,0
753,fomantis,7,0,388,6,6,0,4,190,50,0,20,0,2,0,0,0,753,0
754,lurantis,7,753,388,6,12,0,4,75,50,0,20,0,2,0,0,0,754,0
755,morelull,7,0,389,7,5,0,4,190,50,0,20,0,2,0,0,0,755,0
756,shiinotic,7,755,389,7,12,0,4,75,50,0,20,0,2,0,0,0,756,0
757,salandit,7,0,390,1,8,0,1,120,50,0,20,0,2,0,0,0,757,0
758,salazzle,7,757,390,1,8,0,8,45,50,0,20,0,2,0,0,0,758,0
759,stufful,7,0,391,6,8,0,4,140,50,0,15,0,2,0,0,0,759,0
760,bewear,7,759,391,6,6,0,4,70,50,0,15,0,2,0,0,0,760,0
761,bounsweet,7,0,392,7,7,0,8,235,50,0,20,0,4,0,0,0,761,0
762,steenee,7,761,392,7,12,0,8,120,50,0,20,0,4,0,0,0,762,0
763,tsareena,7,762,392,7,12,0,8,45,50,0,20,0,4,0,0,0,763,0
764,comfey,7,0,393,5,1,0,6,60,50,0,20,0,3,0,0,0,764,0
765,oranguru,7,0,394,9,12,0,4,45,50,0,20,0,1,0,0,0,765,0
766,passimian,7,0,395,9,6,0,4,45,50,0,20,0,1,0,0,0,766,0
767,wimpod,7,0,396,4,10,0,4,90,50,0,20,0,2,0,0,0,767,0
768,golisopod,7,767,396,4,12,0,4,45,50,0,20,0,2,0,0,0,768,0
769,sandygast,7,0,397,3,2,0,4,140,50,0,15,0,2,0,0,0,769,0
770,palossand,7,769,397,3,2,0,4,60,50,0,15,0,2,0,0,0,770,0
771,pyukumuku,7,0,398,1,2,0,4,60,50,0,15,0,3,0,0,0,771,0
772,type-null,7,0,399,4,8,0,-1,3,0,0,120,0,1,0,0,0,772,0
773,silvally,7,772,399,4,8,0,-1,3,0,0,120,0,1,0,1,0,773,0
774,minior,7,0,400,3,1,0,-1,30,70,0,25,0,4,0,0,0,774,0
775,komala,7,0,401,2,12,0,4,45,70,0,20,0,1,0,0,0,775,0
776,turtonator,7,0,402,8,6,0,4,70,50,0,20,0,2,0,0,0,776,0
777,togedemaru,7,0,403,4,6,0,4,180,50,0,10,0,2,0,0,0,777,0
778,mimikyu,7,0,404,10,2,0,4,45,50,0,20,0,2,0,0,0,778,0
779,bruxish,7,0,405,6,3,0,4,80,70,0,15,0,2,0,0,0,779,0
780,drampa,7,0,406,9,2,0,4,70,50,0,20,0,2,0,0,0,780,0
781,dhelmise,7,0,407,5,5,0,-1,25,50,0,25,0,2,0,0,0,781,0
782,jangmo-o,7,0,408,4,8,0,4,45,50,0,40,0,1,0,0,0,782,0
783,hakamo-o,7,782,408,4,6,0,4,45,50,0,40,0,1,0,0,0,783,0
784,kommo-o,7,783,408,4,6,0,4,45,50,0,40,0,1,0,0,0,784,0
785,tapu-koko,7,0,409,10,4,0,-1,3,50,0,15,0,1,0,1,0,785,0
786,tapu-lele,7,0,410,6,4,0,-1,3,50,0,15,0,1,0,1,0,786,0
787,tapu-bulu,7,0,411,8,4,0,-1,3,50,0,15,0,1,0,1,0,787,0
788,tapu-fini,7,0,412,7,4,0,-1,3,50,0,15,0,1,0,1,0,788,0
789,cosmog,7,0,413,2,1,0,-1,45,0,0,120,0,1,0,1,0,789,0
790,cosmoem,7,789,413,2,1,0,-1,45,0,0,120,0,1,0,1,0,790,0
791,solgaleo,7,790,413,9,8,0,-1,45,0,0,120,0,1,0,1,0,791,0
792,lunala,7,790,413,7,9,0,-1,45,0,0,120,0,1,0,1,0,792,0
793,nihilego,7,0,414,9,10,0,-1,45,0,0,120,0,1,0,0,0,793,0
794,buzzwole,7,0,415,8,10,0,-1,45,0,0,120,0,1,0,0,0,794,0
795,pheromosa,7,0,416,9,12,0,-1,45,0,0,120,0,1,0,0,0,795,0
796,xurkitree,7,0,417,1,6,0,-1,45,0,0,120,0,1,0,0,0,796,0
797,celesteela,7,0,418,5,12,0,-1,45,0,0,120,0,1,0,0,0,797,0
798,kartana,7,0,419,9,12,0,-1,45,0,0,120,0,1,0,0,0,798,0
799,guzzlord,7,0,420,1,6,0,-1,45,0,0,120,0,1,0,0,0,799,0
800,necrozma,7,0,421,1,4,0,-1,255,0,0,120,0,1,0,1,0,800,0
801,magearna,7,0,422,4,12,0,-1,3,0,0,120,0,1,0,0,1,801,0
802,marshadow,7,0,423,4,12,0,-1,3,0,0,120,0,1,0,0,1,802,0
803,poipole,7,0,424,7,6,0,-1,45,0,0,120,0,1,0,0,0,803,0
804,naganadel,7,803,424,7,9,0,-1,45,0,0,120,0,1,0,0,0,804,0
805,stakataka,7,0,425,4,8,0,-1,30,0,0,120,0,1,0,0,0,805,0
806,blacephalon,7,0,426,9,12,0,-1,30,0,0,120,0,1,0,0,0,806,0
807,zeraora,7,0,427,10,12,0,-1,3,0,0,120,0,1,0,0,1,807,0
808,meltan,7,0,428,4,1,0,-1,3,0,0,120,0,1,0,0,1,808,0
809,melmetal,7,808,429,4,12,0,-1,3,0,0,120,0,1,0,0,1,809,0
810,grookey,8,0,430,5,6,0,1,45,50,0,20,0,4,0,0,0,810,0
811,thwackey,8,810,430,5,6,0,1,45,50,0,20,0,4,0,0,0,811,0
812,rillaboom,8,811,430,5,12,0,1,45,50,0,20,0,4,0,0,0,812,0
813,scorbunny,8,0,431,9,6,0,1,45,50,0,20,0,4,0,0,0,813,0
814,raboot,8,813,431,4,6,0,1,45,50,0,20,0,4,0,0,0,814,0
815,cinderace,8,814,431,9,6,0,1,45,50,0,20,0,4,0,0,0,815,0
816,sobble,8,0,432,2,8,0,1,45,50,0,20,0,4,0,0,0,816,0
817,drizzile,8,816,432,2,6,0,1,45,50,0,20,0,4,0,0,0,817,0
818,inteleon,8,817,432,2,6,0,1,45,50,0,20,0,4,0,0,0,818,0
819,skwovet,8,0,433,3,6,0,4,255,50,0,20,0,2,0,0,0,819,0
820,greedent,8,819,433,3,6,0,4,90,50,0,20,0,2,0,0,0,820,0
821,rookidee,8,0,434,2,9,0,4,255,50,0,15,0,4,0,0,0,821,0
822,corvisquire,8,821,434,2,9,0,4,120,50,0,15,0,4,0,0,0,822,0
823,corviknight,8,822,434,7,9,0,4,45,50,0,15,0,4,0,0,0,823,0
824,blipbug,8,0,435,2,14,0,4,255,50,0,15,0,2,0,0,0,824,0
825,dottler,8,824,435,10,14,0,4,120,50,0,15,0,2,0,0,0,825,0
826,orbeetle,8,825,435,8,9,0,4,45,50,0,15,0,2,0,0,0,826,0
827,nickit,8,0,436,3,8,0,4,255,50,0,15,0,3,0,0,0,827,0
828,thievul,8,827,436,3,8,0,4,127,50,0,15,0,3,0,0,0,828,0
829,gossifleur,8,0,437,5,5,0,4,190,50,0,20,0,2,0,0,0,829,0
830,eldegoss,8,829,437,5,5,0,4,75,50,0,20,0,2,0,0,0,830,0
831,wooloo,8,0,438,9,8,0,4,255,50,0,15,0,2,0,0,0,831,0
832,dubwool,8,831,438,9,8,0,4,127,50,0,15,0,2,0,0,0,832,0
833,chewtle,8,0,439,5,8,0,4,255,50,0,20,0,2,0,0,0,833,0
834,drednaw,8,833,439,5,8,0,4,75,50,0,20,0,2,0,0,0,834,0
835,yamper,8,0,440,10,8,0,4,255,50,0,20,0,3,0,0,0,835,0
836,boltund,8,835,440,10,8,0,4,45,50,0,20,0,3,0,0,0,836,0
837,rolycoly,8,0,441,1,1,0,4,255,50,0,15,0,4,0,0,0,837,0
838,carkol,8,837,441,1,7,0,4,120,50,0,15,0,4,0,0,0,838,0
839,coalossal,8,838,441,1,12,0,4,45,50,0,15,0,4,0,0,0,839,0
840,applin,8,0,442,5,2,0,4,255,50,0,20,0,5,0,0,0,840,0
841,flapple,8,840,442,5,9,0,4,45,50,0,20,0,5,0,0,0,841,0
842,appletun,8,840,442,5,8,0,4,45,50,0,20,0,5,0,0,0,842,0
843,silicobra,8,0,443,5,2,0,4,255,50,0,20,0,2,0,0,0,843,0
844,sandaconda,8,843,443,5,2,0,4,120,50,0,20,0,2,0,0,0,844,0
845,cramorant,8,0,444,2,9,0,4,45,50,0,20,0,2,0,0,0,845,0
846,arrokuda,8,0,445,3,3,0,4,255,50,0,20,0,1,0,0,0,846,0
847,barraskewda,8,846,445,3,3,0,4,60,50,0,20,0,1,0,0,0,847,0
848,toxel,8,0,446,7,6,0,4,75,50,1,25,0,4,0,0,0,848,0
849,toxtricity,8,848,446,7,6,0,4,45,50,0,25,0,4,0,0,0,849,0
850,sizzlipede,8,0,447,8,10,0,4,190,50,0,20,0,2,0,0,0,850,0
851,centiskorch,8,850,447,8,10,0,4,75,50,0,20,0,2,0,0,0,851,0
852,clobbopus,8,0,448,3,10,0,4,180,50,0,25,0,4,0,0,0,852,0
853,grapploct,8,852,448,2,10,0,4,45,50,0,25,0,4,0,0,0,853,0
854,sinistea,8,0,449,7,1,0,-1,120,50,0,20,0,2,0,0,0,854,0
855,polteageist,8,854,449,7,1,0,-1,60,50,0,20,0,2,0,0,0,855,0
856,hatenna,8,0,450,6,7,0,8,235,50,0,20,0,1,0,0,0,856,0
857,hattrem,8,856,450,6,12,0,8,120,50,0,20,0,1,0,0,0,857,0
858,hatterene,8,857,450,6,5,0,8,45,50,0,20,0,1,0,0,0,858,0
859,impidimp,8,0,451,6,12,0,0,255,50,0,20,0,2,0,0,0,859,0
860,morgrem,8,859,451,6,12,0,0,120,50,0,20,0,2,0,0,0,860,0
861,grimmsnarl,8,860,451,7,12,0,0,45,50,0,20,0,2,0,0,0,861,0
862,obstagoon,8,264,134,4,6,0,4,45,50,0,15,0,2,0,0,0,862,0
863,perrserker,8,52,22,3,6,0,4,90,50,0,20,0,2,0,0,0,863,0
864,cursola,8,222,113,9,4,0,6,30,50,0,20,0,3,0,0,0,864,0
865,sirfetchd,8,83,35,9,9,0,4,45,50,0,20,0,2,0,0,0,865,0
866,mr-rime,8,122,57,7,12,0,4,45,50,0,25,0,2,0,0,0,866,0
867,runerigus,8,562,287,4,5,0,4,90,50,0,25,0,2,0,0,0,867,0
868,milcery,8,0,452,9,1,0,8,200,50,0,20,0,2,0,0,0,868,0
869,alcremie,8,868,452,9,5,0,8,100,50,0,20,0,2,0,0,0,869,0
870,falinks,8,0,453,10,11,0,-1,45,50,0,25,0,2,0,0,0,870,0
871,pincurchin,8,0,454,7,10,0,4,75,50,0,20,0,2,0,0,0,871,0
872,snom,8,0,455,9,2,0,4,190,50,0,20,0,2,0,0,0,872,0
873,frosmoth,8,872,455,9,13,0,4,75,50,0,20,0,2,0,0,0,873,0
874,stonjourner,8,0,456,4,7,0,4,60,50,0,25,0,1,0,0,0,874,0
875,eiscue,8,0,457,2,6,0,4,60,50,0,25,0,1,0,0,0,875,0
876,indeedee,8,0,458,7,6,0,4,30,140,0,40,0,3,0,0,0,876,0
877,morpeko,8,0,459,10,12,0,4,180,50,0,10,0,2,0,0,0,877,0
878,cufant,8,0,460,10,8,0,4,190,50,0,25,0,2,0,0,0,878,0
879,copperajah,8,878,460,5,8,0,4,90,50,0,25,0,2,0,0,0,879,0
880,dracozolt,8,0,461,5,6,0,-1,45,50,0,35,0,1,0,0,0,880,0
881,arctozolt,8,0,462,2,6,0,-1,45,50,0,35,0,1,0,0,0,881,0
882,dracovish,8,0,463,5,7,0,-1,45,50,0,35,0,1,0,0,0,882,0
883,arctovish,8,0,464,2,3,0,-1,45,50,0,35,0,1,0,0,0,883,0
884,duraludon,8,0,465,9,6,0,4,45,50,0,30,0,2,0,0,0,884,0
885,dreepy,8,0,466,5,2,0,4,45,50,0,40,0,1,0,0,0,885,0
886,drakloak,8,885,466,5,4,0,4,45,50,0,40,0,1,0,0,0,886,0
887,dragapult,8,886,466,5,6,0,4,45,50,0,40,0,1,0,0,0,887,0
888,zacian,8,0,467,2,8,0,-1,10,0,0,120,0,1,0,1,0,888,0
889,zamazenta,8,0,468,8,8,0,-1,10,0,0,120,0,1,0,1,0,889,0
890,eternatus,8,0,469,7,9,0,-1,255,0,0,120,0,1,0,1,0,890,0
891,kubfu,8,0,470,4,6,0,1,3,50,0,120,0,1,0,1,0,891,0
892,urshifu,8,891,470,4,12,0,1,3,50,0,120,0,1,0,1,0,892,0
893,zarude,8,0,471,5,6,0,-1,3,0,0,120,0,1,0,0,1,893,0
894,regieleki,8,0,472,10,12,0,-1,3,35,0,120,0,1,0,1,0,894,0
895,regidrago,8,0,473,5,12,0,-1,3,35,0,120,0,1,0,1,0,895,0
896,glastrier,8,0,474,9,8,0,-1,3,35,0,120,0,1,0,1,0,896,0
897,spectrier,8,0,475,1,8,0,-1,3,35,0,120,0,1,0,1,0,897,0
898,calyrex,8,0,476,5,12,0,-1,3,100,0,120,0,1,0,1,0,898,0
899,wyrdeer,8,234,120,4,8,0,4,135,0,0,0,0,1,0,0,0,899,0
900,kleavor,8,123,58,3,13,0,4,115,0,0,0,0,2,0,0,0,900,0
901,ursaluna,8,217,110,3,8,0,4,75,0,0,0,0,2,0,0,0,901,0
902,basculegion,8,550,280,5,3,0,4,135,0,0,0,1,2,1,0,0,902,0
903,sneasler,8,215,109,4,6,0,4,135,0,0,0,0,4,0,0,0,903,0
904,overqwil,8,211,106,1,3,0,4,135,0,0,0,0,2,0,0,0,904,0
905,enamorus,8,0,477,6,4,0,8,3,0,0,0,0,1,1,1,0,905,0
906,sprigatito,9,0,478,5,0,0,1,45,50,0,20,0,4,0,0,0,906,0
907,floragato,9,906,478,5,0,0,1,45,50,0,20,0,4,0,0,0,907,0
908,meowscarada,9,907,478,5,0,0,1,45,50,0,20,0,4,0,0,0,908,0
909,fuecoco,9,0,479,8,0,0,1,45,50,0,20,0,4,0,0,0,909,0
910,crocalor,9,909,479,8,0,0,1,45,50,0,20,0,4,0,0,0,910,0
911,skeledirge,9,910,479,8,0,0,1,45,50,0,20,0,4,0,0,0,911,0
912,quaxly,9,0,480,9,0,0,1,45,50,0,20,0,4,0,0,0,912,0
913,quaxwell,9,912,480,2,0,0,1,45,50,0,20,0,4,0,0,0,913,0
914,quaquaval,9,913,480,2,0,0,1,45,50,0,20,0,4,0,0,0,914,0
915,lechonk,9,0,481,4,0,0,4,255,50,0,15,0,2,0,0,0,915,0
916,oinkologne,9,915,481,4,0,0,0,100,50,0,15,0,2,0,0,0,916,0
917,tarountula,9,0,482,9,0,0,4,255,50,0,15,0,5,0,0,0,918,0
918,spidops,9,917,482,5,0,0,4,120,50,0,15,0,5,0,0,0,919,0
919,nymble,9,0,483,4,0,0,4,190,20,0,20,0,2,0,0,0,920,0
920,lokix,9,919,483,4,0,0,4,30,0,0,20,0,2,0,0,0,921,0
921,pawmi,9,0,484,10,0,0,4,190,50,0,15,0,2,0,0,0,954,0
922,pawmo,9,921,484,10,0,0,4,80,50,0,15,0,2,0,0,0,955,0
923,pawmot,9,922,484,10,0,0,4,45,50,0,15,0,2,0,0,0,956,0
924,tandemaus,9,0,485,9,0,0,-1,150,50,0,10,0,3,0,0,0,945,0
925,maushold,9,924,485,9,0,0,-1,75,50,0,10,0,3,0,0,0,946,0
926,fidough,9,0,486,10,0,0,4,190,50,0,20,0,4,0,0,0,970,0
927,dachsbun,9,926,486,3,0,0,4,90,50,0,20,0,4,0,0,0,971,0
928,smoliv,9,0,487,5,0,0,4,255,50,0,20,0,4,0,0,0,935,0
929,dolliv,9,928,487,5,0,0,4,120,50,0,20,0,4,0,0,0,936,0
930,arboliva,9,929,487,5,0,0,4,45,50,0,20,0,4,0,0,0,937,0
931,squawkabilly,9,0,488,5,0,0,4,190,50,0,15,0,5,0,0,0,960,0
932,nacli,9,0,489,3,0,0,4,255,50,0,20,0,4,0,0,0,963,0
933,naclstack,9,932,489,3,0,0,4,120,50,0,20,0,4,0,0,0,964,0
934,garganacl,9,933,489,3,0,0,4,45,50,0,20,0,4,0,0,0,965,0
935,charcadet,9,0,490,8,0,0,4,90,50,0,35,0,1,0,0,0,1003,0
936,armarouge,9,935,490,8,0,0,4,25,20,0,35,0,1,0,0,0,1004,0
937,ceruledge,9,935,490,2,0,0,4,25,20,0,35,0,1,0,0,0,1005,0
938,tadbulb,9,0,491,10,0,0,4,190,50,0,20,0,2,0,0,0,940,0
939,bellibolt,9,938,491,5,0,0,4,50,50,0,20,0,2,0,0,0,941,0
940,wattrel,9,0,492,1,0,0,4,180,50,0,20,0,4,0,0,0,957,0
941,kilowattrel,9,940,492,10,0,0,4,90,50,0,20,0,4,0,0,0,958,0
942,maschiff,9,0,493,3,0,0,4,150,50,0,20,0,4,0,0,0,972,0
943,mabosstiff,9,942,493,4,0,0,4,75,50,0,20,0,4,0,0,0,973,0
944,shroodle,9,0,494,4,0,0,4,190,50,0,20,0,4,0,0,0,968,0
945,grafaiai,9,944,494,4,0,0,4,90,50,0,20,0,4,0,0,0,969,0
946,bramblin,9,0,495,3,0,0,4,190,50,0,20,0,2,0,0,0,974,0
947,brambleghast,9,946,495,3,0,0,4,45,50,0,20,0,2,0,0,0,975,0
948,toedscool,9,0,496,10,0,0,4,190,50,0,20,0,4,0,0,0,1006,0
949,toedscruel,9,948,496,1,0,0,4,90,50,0,20,0,4,0,0,0,1007,0
950,klawf,9,0,497,8,0,0,4,120,50,0,35,0,2,0,0,0,962,0
951,capsakid,9,0,498,5,0,0,4,190,50,0,20,0,2,0,0,0,938,0
952,scovillain,9,951,498,5,0,0,4,75,50,0,20,0,2,0,0,0,939,0
953,rellor,9,0,499,3,0,0,4,190,50,0,20,0,3,0,0,0,922,0
954,rabsca,9,953,499,5,0,0,4,45,50,0,20,0,3,0,0,0,923,0
955,flittle,9,0,500,10,0,0,4,120,50,0,20,0,4,0,0,0,926,0
956,espathra,9,955,500,10,0,0,4,60,50,0,20,0,4,0,0,0,927,0
957,tinkatink,9,0,501,6,0,0,8,190,50,0,20,0,4,0,0,0,1000,0
958,tinkatuff,9,957,501,6,0,0,8,90,50,0,20,0,4,0,0,0,1001,0
959,tinkaton,9,958,501,6,0,0,8,45,50,0,20,0,4,0,0,0,1002,0
960,wiglett,9,0,502,9,0,0,4,255,50,0,20,0,2,0,0,0,929,0
961,wugtrio,9,960,502,8,0,0,4,50,50,0,20,0,2,0,0,0,930,0
962,bombirdier,9,0,503,9,0,0,4,25,50,0,35,0,1,0,0,0,959,0
963,finizen,9,0,504,2,0,0,4,200,50,0,40,0,1,0,0,0,933,0
964,palafin,9,963,504,2,0,0,4,45,50,0,40,0,1,0,0,0,934,0
965,varoom,9,0,505,4,0,0,4,190,50,0,20,0,2,0,0,0,942,0
966,revavroom,9,965,505,4,0,0,4,75,50,0,20,0,2,0,0,0,943,0
967,cyclizar,9,0,506,5,0,0,4,190,50,0,30,0,4,0,0,0,953,0
968,orthworm,9,0,507,6,0,0,4,25,50,0,35,0,1,0,0,0,944,0
969,glimmet,9,0,508,2,0,0,4,70,50,0,30,0,4,0,0,0,966,0
970,glimmora,9,969,508,2,0,0,4,25,50,0,30,0,4,0,0,0,967,0
971,greavard,9,0,509,9,0,0,4,120,50,0,20,0,4,0,0,0,924,0
972,houndstone,9,971,509,9,0,0,4,60,50,0,20,0,4,0,0,0,925,0
973,flamigo,9,0,510,6,0,0,4,100,50,0,20,0,4,0,0,0,961,0
974,cetoddle,9,0,511,9,0,0,4,150,50,0,25,0,4,0,0,0,947,0
975,cetitan,9,974,511,9,0,0,4,50,50,0,25,0,4,0,0,0,948,0
976,veluza,9,0,512,4,0,0,4,100,50,0,20,0,3,0,0,0,932,0
977,dondozo,9,0,513,2,0,0,4,25,50,0,40,0,1,0,0,0,931,0
978,tatsugiri,9,0,514,6,0,0,4,100,50,0,35,0,4,0,0,0,952,0
979,annihilape,9,57,24,4,0,0,4,45,50,0,20,0,2,0,0,0,1010,0
980,clodsire,9,194,96,3,0,0,4,90,50,0,20,0,2,0,0,0,1009,0
981,farigiraf,9,203,101,3,0,0,4,45,50,0,20,0,2,0,0,0,928,0
982,dudunsparce,9,206,103,10,0,0,4,45,50,0,20,0,2,0,0,0,917,0
983,kingambit,9,625,317,1,0,0,4,25,50,0,20,0,2,0,0,0,1008,0
984,great-tusk,9,0,515,7,0,0,-1,30,0,0,50,0,1,0,0,0,978,0
985,scream-tail,9,0,516,6,0,0,-1,50,0,0,50,0,1,0,0,0,982,0
986,brute-bonnet,9,0,517,4,0,0,-1,50,0,0,50,0,1,0,0,0,979,0
987,flutter-mane,9,0,518,4,0,0,-1,30,0,0,50,0,1,0,0,0,983,0
988,slither-wing,9,0,519,8,0,0,-1,30,0,0,50,0,1,0,0,0,984,0
989,sandy-shocks,9,0,520,4,0,0,-1,30,0,0,50,0,1,0,0,0,981,0
990,iron-treads,9,0,521,4,0,0,-1,30,0,0,50,0,1,0,0,0,986,0
991,iron-bundle,9,0,522,8,0,0,-1,50,0,0,50,0,1,0,0,0,992,0
992,iron-hands,9,0,523,4,0,0,-1,50,0,0,50,0,1,0,0,0,989,0
993,iron-jugulis,9,0,524,2,0,0,-1,30,0,0,50,0,1,0,0,0,990,0
994,iron-moth,9,0,525,10,0,0,-1,30,0,0,50,0,1,0,0,0,988,0
995,iron-thorns,9,0,526,5,0,0,-1,30,0,0,50,0,1,0,0,0,991,0
996,frigibax,9,0,527,4,0,0,4,45,50,0,40,0,1,0,0,0,949,0
997,arctibax,9,996,527,4,0,0,4,25,50,0,40,0,1,0,0,0,950,0
998,baxcalibur,9,997,527,4,0,0,4,10,50,0,40,0,1,0,0,0,951,0
999,gimmighoul,9,0,528,3,0,0,-1,45,50,0,50,0,1,0,0,0,976,0
1000,gholdengo,9,999,528,10,0,0,-1,45,50,0,50,0,1,0,0,0,977,0
1001,wo-chien,9,0,529,3,0,0,-1,6,0,0,50,0,1,0,1,0,996,0
1002,chien-pao,9,0,530,9,0,0,-1,6,0,0,50,0,1,0,1,0,995,0
1003,ting-lu,9,0,531,3,0,0,-1,6,0,0,50,0,1,0,1,0,994,0
1004,chi-yu,9,0,532,8,0,0,-1,6,0,0,50,0,1,0,1,0,997,0
1005,roaring-moon,9,0,533,5,0,0,-1,10,0,0,50,0,1,0,0,0,985,0
1006,iron-valiant,9,0,534,9,0,0,-1,10,0,0,50,0,1,0,0,0,993,0
1007,koraidon,9,0,535,8,0,0,-1,3,0,0,50,0,1,0,1,0,998,0
1008,miraidon,9,0,536,2,0,0,-1,3,0,0,50,0,1,0,1,0,999,0
1009,walking-wake,9,0,537,2,0,0,-1,5,0,0,50,0,1,0,0,0,1011,0
1010,iron-leaves,9,0,538,5,0,0,-1,5,0,0,50,0,1,0,0,0,1012,0
